Cohort	Patient ID	Sample ID	mut_TC	Chromosome	Position	Gene	Effect	Variant allele frequency	Read depth at variant position	Gene Log Ratio	median LOH VAF	snp_TC	Gene count	LOH gene count	Copy neutral gene count
M1B	ID10	M1B_ID10_PB1	0.36065573770491793	chr5	112840210.0	APC	Stopgain p.S1521X, p.S1549X, p.S1511X, p.S1480X, p.S1448X, p.S1379X, p.S1539X, p.S1514X, p.S1498X, p.S1438X, p.S1413X, p.S1557X, p.S1256X	0.22	50.0	-0.3					
M1B	ID10	M1B_ID10_PB2	0.13780260707635011	chr17	49619062.0	SPOP	Missense p.F133L	0.07400000000000001	121.0	0.06					
M1B	ID10	M1B_ID10_cfDNA_2018May17	0.1751824817518248	chr17	49619062.0	SPOP	Missense p.F133L	0.096	1578.0	-0.02					
M1B	ID10	M1B_ID10_cfDNA_2018Oct25	0.0												
M1B	ID11	M1B_ID11_PB1	0.0								0.8394541778975741	0.8087497491471001	6.0	6.0	0.0
M1B	ID11	M1B_ID11_PB2	0.0								0.7987012987012987	0.7479674796747968	10.0	9.0	1.0
M1B	ID11	M1B_ID11_PB3	0.0								0.7744184509648427	0.7087084524469855	5.0	5.0	0.0
M1B	ID11	M1B_ID11_PB4	0.4732824427480915	chr10	87933226.0	PTEN	Missense p.G156V, p.G329V	0.31	239.0	-0.41	0.7671957671957672	0.6965517241379311	7.0	6.0	1.0
M1B	ID11	M1B_ID11_PB5	0.0								0.8277310924369747	0.7918781725888324	6.0	6.0	0.0
M1B	ID11	M1B_ID11_PB6	0.0								0.8469528351881292	0.819296708797397	6.0	6.0	0.0
M1B	ID11	M1B_ID11_PB7	0.0								0.691654729693883	0.5541919153179413	6.0	5.0	1.0
M1B	ID11	M1B_ID11_cfDNA_2017Nov16	0.0												
M1B	ID12	M1B_ID12_PB1	0.0								0.6888888888888889	0.5483870967741935	2.0	2.0	0.0
M1B	ID12	M1B_ID12_PB2	0.5250737463126844	chr12	49040009.0	KMT2D	Missense p.F2587L	0.35600000000000004	309.0	-0.03	0.8639455782312925	0.8425196850393699	4.0	4.0	0.0
M1B	ID12	M1B_ID12_PB3	0.613998613998614	chr12	49040009.0	KMT2D	Missense p.F2587L	0.44299999999999995	244.0	-0.06	0.82855587808418	0.7930807970221152	4.0	4.0	0.0
M1B	ID12	M1B_ID12_PB4	0.5925404644616468	chr12	49040009.0	KMT2D	Missense p.F2587L	0.42100000000000004	259.0	-0.07	0.8063941655359566	0.7599116626353981	4.0	4.0	0.0
M1B	ID12	M1B_ID12_cfDNA_2018May24	0.3987189751801441	chr17	7674881.0	TP53	Non-frameshift indel p.S83_V85delinsM, p.S56_V58delinsM, p.S176_V178delinsM, p.S215_V217delinsM	0.249	1382.0	-0.38					
M1B	ID13	M1B_ID13_PB1_merged	0.6928104575163401	chr17	7675184.0	TP53	Missense p.V11G, p.V104G, p.V143G	0.53	946.0	-0.17	0.8584905660377359	0.8351648351648353	6.0	5.0	1.0
M1B	ID13	M1B_ID13_cfDNA_2017Apr06	0.0												
M1B	ID13	M1B_ID13_cfDNA_2017Jul06	0.0												
M1B	ID13	M1B_ID13_cfDNA_2017Oct05	0.0												
M1B	ID13	M1B_ID13_cfDNA_2018Apr19	0.0												
M1B	ID13	M1B_ID13_cfDNA_2018Jan18	0.062015503875968984	chr21	41479196.0	TMPRSS2	Missense p.D257G, p.D220G	0.032	1203.0	-0.06					
M1B	ID13	M1B_ID13_cfDNA_2018Jul19	0.0												
M1B	ID13	M1B_ID13_cfDNA_2019Apr04	0.0												
M1B	ID14	M1B_ID14_PB1	0.5250737463126844	chr13	48307284.0	RB1	Stopgain p.E48X	0.35600000000000004	59.0	-0.46	0.6941176470588235	0.5593220338983049	3.0	3.0	0.0
M1B	ID14	M1B_ID14_PB2	0.6459038591740013	chr17	7673822.0	TP53	Non-frameshift indel p.S129_G134delinsR, p.S102_G107delinsR, p.S222_G227delinsR, p.S261_G266delinsR	0.47700000000000004	44.0	-0.27	0.8765460030165912	0.8591585649143938	1.0	1.0	0.0
M1B	ID14	M1B_ID14_PB3	0.6120749479528106	chr13	48307284.0	RB1	Stopgain p.E48X	0.441	59.0	-0.22	0.7017704517704517	0.5750326228795126	3.0	3.0	0.0
M1B	ID14	M1B_ID14_PB4	0.4996249062265566	chr11	69644371.0	CCND1	Intronic	0.33299999999999996	36.0	0.07	0.7123287671232876	0.596153846153846	8.0	7.0	1.0
M1B	ID14	M1B_ID14_PB5	0.7389659520807061	chr13	48307284.0	RB1	Stopgain p.E48X	0.586	145.0	-0.32	0.7709923664122137	0.7029702970297029	8.0	6.0	2.0
M1B	ID14	M1B_ID14_cfDNA_2018Oct24	0.1600735970561177	chr3	70955237.0	FOXP1	3'-UTR	0.087	1333.0	-0.09					
M1B	ID15	M1B_ID15_PB1	0.0								0.8023529411764706	0.7536656891495601	8.0	6.0	2.0
M1B	ID15	M1B_ID15_PB2	0.0								0.8	0.75	6.0	6.0	0.0
M1B	ID15	M1B_ID15_PB3	0.4114376489277204	chr17	58371013.0	RNF43	Missense p.C91W	0.259	224.0	-0.45	0.6877637130801688	0.5460122699386505	7.0	6.0	1.0
M1B	ID15	M1B_ID15_cfDNA_2018Oct11	0.0												
M1B	ID16	M1B_ID16_PB1	0.8186650915534553	chr12	12718146.0	CDKN1B	Frameshift p.Q104Gfs*17	0.693	450.0	-0.85	0.8831168831168832	0.8676470588235294	5.0	2.0	3.0
M1B	ID16	M1B_ID16_PB10	0.8214496169711255	chr12	12718146.0	CDKN1B	Frameshift p.Q104Gfs*17	0.6970000000000001	442.0	-0.8	0.8927613941018766	0.8798798798798797	7.0	2.0	5.0
M1B	ID16	M1B_ID16_PB11	0.8472622478386168	chr12	12718146.0	CDKN1B	Frameshift p.Q104Gfs*17	0.735	415.0	-0.77	0.7284768211920529	0.6272727272727272	6.0	4.0	2.0
M1B	ID16	M1B_ID16_PB2	0.7760097919216646	chr12	12718146.0	CDKN1B	Frameshift p.Q104Gfs*17	0.634	418.0	-0.62	0.8309037900874636	0.7964912280701755	10.0	3.0	7.0
M1B	ID16	M1B_ID16_PB3	0.7593052109181142	chr12	12718146.0	CDKN1B	Frameshift p.Q104Gfs*17	0.612	407.0	-0.17	0.7486033519553073	0.664179104477612	5.0	3.0	2.0
M1B	ID16	M1B_ID16_PB4	0.2593559617058311	chr11	108345749.0	ATM	Frameshift p.S2812Vfs*3	0.149	235.0	-0.35	0.7161016949152542	0.6035502958579881	7.0	3.0	4.0
M1B	ID16	M1B_ID16_PB5	0.7546699875466999	chr12	12718146.0	CDKN1B	Frameshift p.Q104Gfs*17	0.606	302.0	-0.7	0.8823529411764706	0.8666666666666667	8.0	4.0	4.0
M1B	ID16	M1B_ID16_PB6	0.0								0.7631578947368421	0.6896551724137931	10.0	9.0	1.0
M1B	ID16	M1B_ID16_PB7	0.6513823331085637	chr12	12718146.0	CDKN1B	Frameshift p.Q104Gfs*17	0.483	333.0	-0.62	0.755497022446175	0.6763680460815522	8.0	4.0	4.0
M1B	ID16	M1B_ID16_PB8	0.7804878048780488	chr12	12718146.0	CDKN1B	Frameshift p.Q104Gfs*17	0.64	450.0	-0.74	0.7819531696173615	0.7211510371019574	9.0	5.0	4.0
M1B	ID16	M1B_ID16_PB9	0.7900786448880823	chr12	12718146.0	CDKN1B	Frameshift p.Q104Gfs*17	0.653	527.0	-0.67	0.8679245283018868	0.8478260869565217	9.0	3.0	6.0
M1B	ID16	M1B_ID16_cfDNA_2019Feb05	0.3484723369116433	chr20	58855431.0	GNAS	Intronic	0.21100000000000002	459.0	-0.04					
M1B	ID17	M1B_ID17_PB1	0.2316534040671972	chr3	71047016.0	FOXP1	Frameshift p.L97Hfs*15, p.L96Hfs*15, p.L121Hfs*15, p.L197Hfs*15, p.L196Hfs*15	0.131	915.0	0.09	0.6120689655172413	0.3661971830985915	7.0	5.0	2.0
M1B	ID17	M1B_ID17_PB2	0.3471074380165289	chr20	32434638.0	ASXL1	Frameshift p.G585Wfs*12, p.G646Wfs*12	0.21	510.0	0.04	0.7098377316888307	0.5912273251228539	7.0	7.0	0.0
M1B	ID17	M1B_ID17_PB3	0.14126394052044608	chr3	71047016.0	FOXP1	Frameshift p.L97Hfs*15, p.L96Hfs*15, p.L121Hfs*15, p.L197Hfs*15, p.L196Hfs*15	0.076	620.0	0.07	0.5551819217167177	0.1987886116539448	3.0	2.0	1.0
M1B	ID17	M1B_ID17_PB4	0.40510366826156297	chr20	32434638.0	ASXL1	Frameshift p.G585Wfs*12, p.G646Wfs*12	0.254	429.0	0.11	0.7608695652173914	0.6857142857142857	7.0	7.0	0.0
M1B	ID17	M1B_ID17_PB5	0.3739837398373984	chr20	32434638.0	ASXL1	Frameshift p.G585Wfs*12, p.G646Wfs*12	0.23	525.0	0.17	0.7668269230769231	0.6959247648902822	8.0	8.0	0.0
M1B	ID17	M1B_ID17_PB6	0.1515711645101663	chr3	71047016.0	FOXP1	Frameshift p.L97Hfs*15, p.L96Hfs*15, p.L121Hfs*15, p.L197Hfs*15, p.L196Hfs*15	0.08199999999999999	692.0	-0.18	0.6472727272727272	0.4550561797752808	5.0	5.0	0.0
M1B	ID17	M1B_ID17_PB7	0.12030075187969926	chr20	32434638.0	ASXL1	Frameshift p.G585Wfs*12, p.G646Wfs*12	0.064	408.0	0.1					
M1B	ID17	M1B_ID17_cfDNA_2019Jan10	0.023715415019762848	chr20	32434638.0	ASXL1	Frameshift p.G585Wfs*12, p.G646Wfs*12	0.012	767.0	-0.05					
M1B	ID18	M1B_ID18_PB1	0.5096870342771983	chr7	152174130.0	KMT2C	Splice site	0.342	149.0	0.13	0.5857988165680473	0.2929292929292928	1.0	1.0	0.0
M1B	ID18	M1B_ID18_PB2	0.4447900466562986	chr7	152174130.0	KMT2C	Splice site	0.28600000000000003	189.0	0.1	0.5741935483870968	0.2584269662921348	2.0	1.0	1.0
M1B	ID18	M1B_ID18_PB3	0.5272459499263623	chr7	152174130.0	KMT2C	Splice site	0.358	313.0	0.14		0.0	1.0	0.0	1.0
M1B	ID18	M1B_ID18_PB4	0.3896940418679549	chr7	152174130.0	KMT2C	Splice site	0.242	198.0	0.05	0.6701570680628273	0.5078125	2.0	2.0	0.0
M1B	ID18	M1B_ID18_PB5	0.0												
M1B	ID18	M1B_ID18_PB6	0.0												
M1B	ID18	M1B_ID18_PB7	0.2486865148861646	chr10	87961041.0	PTEN	Stopgain p.T319*, p.V120fs, p.T492*	0.142	605.0	0.15	0.6858407079646017	0.5419354838709676	2.0	2.0	0.0
M1B	ID18	M1B_ID18_PB8	0.0								0.6218487394957983	0.3918918918918919	2.0	2.0	0.0
M1B	ID18	M1B_ID18_cfDNA_2016Jul28	0.1834695731153497	chr7	152181557.0	KMT2C	Frameshift p.P2101Hfs*5	0.10099999999999999	1422.0	-0.32					
M1B	ID19	M1B_ID19_PB1	0.0								0.6107438744932134	0.36265242802511	1.0	1.0	0.0
M1B	ID19	M1B_ID19_PB2	0.0												
M1B	ID19	M1B_ID19_PB3	0.0												
M1B	ID19	M1B_ID19_PB4	0.0								0.5893723468768951	0.30327974276527336	1.0	1.0	0.0
M1B	ID19	M1B_ID19_PB5	0.0												
M1B	ID19	M1B_ID19_PB6	0.0												
M1B	ID19	M1B_ID19_PB7	0.0												
M1B	ID19	M1B_ID19_cfDNA_2015Dec28	0.0												
M1B	ID19	M1B_ID19_cfDNA_2019Apr08	0.0												
M1B	ID1	M1B_ID1_PB1	0.0												
M1B	ID1	M1B_ID1_PB2	0.0												
M1B	ID1	M1B_ID1_PB3	0.0												
M1B	ID1	M1B_ID1_PB4	0.0												
M1B	ID1	M1B_ID1_cfDNA_2016Nov17	0.0												
M1B	ID20	M1B_ID20_PB	0.4686064318529862	chr7	152155934.0	KMT2C	Missense p.P3979H	0.306	36.0	-0.03					
M1B	ID20	M1B_ID20_cfDNA_2017Jul06	0.0												
M1B	ID20	M1B_ID20_cfDNA_2018Jan18	0.0												
M1B	ID20	M1B_ID20_cfDNA_2018Nov15	0.0												
M1B	ID21	M1B_ID21_PB1	0.0								0.8385650224215246	0.8074866310160427	3.0	3.0	0.0
M1B	ID21	M1B_ID21_PB2	0.0								0.8598130841121495	0.8369565217391304	3.0	3.0	0.0
M1B	ID21	M1B_ID21_PB3	0.0								0.8633093525179856	0.8416666666666666	4.0	3.0	1.0
M1B	ID21	M1B_ID21_PB4	0.0								0.8248587570621468	0.7876712328767121	3.0	3.0	0.0
M1B	ID21	M1B_ID21_PB5	0.0								0.8177570093457944	0.7771428571428571	3.0	3.0	0.0
M1B	ID21	M1B_ID21_PB6	0.0								0.766839378238342	0.695945945945946	3.0	3.0	0.0
M1B	ID21	M1B_ID21_cfDNA_2016Aug04	0.0												
M1B	ID22	M1B_ID22_PB1	0.0												
M1B	ID22	M1B_ID22_PB2	0.0												
M1B	ID22	M1B_ID22_cfDNA_2015Oct15	0.0												
M1B	ID22	M1B_ID22_cfDNA_2016Aug04	0.0												
M1B	ID22	M1B_ID22_cfDNA_2017Mar16	0.0												
M1B	ID23	M1B_ID23_PB1	0.6082115518441198	chr17	39463000.0	CDK12	Stopgain p.S310X	0.4370000000000001	174.0	0.03	0.9214426877470356	0.914745308310992	2.0	1.0	1.0
M1B	ID23	M1B_ID23_PB2	0.6666666666666666	chr17	39463000.0	CDK12	Stopgain p.S310X	0.5	372.0	0.03	0.9015151515151515	0.8907563025210083	5.0	4.0	1.0
M1B	ID23	M1B_ID23_cfDNA_2016Aug25	0.02566633761105627	chr17	39462986.0	CDK12	Stopgain p.Y305X	0.013	1168.0	-0.03					
M1B	ID23	M1B_ID23_cfDNA_2017Dec14	0.0												
M1B	ID23	M1B_ID23_cfDNA_2017Jun29	0.0												
M1B	ID23	M1B_ID23_cfDNA_2017Mar30	0.0												
M1B	ID23	M1B_ID23_cfDNA_2017Sep21	0.0												
M1B	ID23	M1B_ID23_cfDNA_2018Aug23	0.0												
M1B	ID23	M1B_ID23_cfDNA_2018Mar08	0.0												
M1B	ID23	M1B_ID23_cfDNA_2018May31	0.0												
M1B	ID24	M1B_ID24_PB1	0.4744469870327994	chr17	7675139.0	TP53	Missense p.R26H, p.R119H, p.R158H	0.311	424.0	-0.2	0.7466666666666666	0.6607142857142856	6.0	6.0	0.0
M1B	ID24	M1B_ID24_PB2	0.2847341337907376	chr17	7675139.0	TP53	Missense p.R26H, p.R119H, p.R158H	0.166	265.0	-0.27	0.578515834675255	0.2714388439145463	2.0	2.0	0.0
M1B	ID24	M1B_ID24_cfDNA_2018Dec04	0.0												
M1B	ID25	M1B_ID25_PB1	0.0												
M1B	ID25	M1B_ID25_PB10	0.226	chrX	67546010.0	AR	Synonymous p.A288A	0.226	84.0	0.19	0.7878787878787878	0.7307692307692306	1.0	1.0	0.0
M1B	ID25	M1B_ID25_PB11	0.0								0.6516429746488379	0.46541735443570587	2.0	2.0	0.0
M1B	ID25	M1B_ID25_PB12	0.1735159817351598	chr3	179218303.0	PIK3CA	Missense p.E545K	0.095	275.0	-0.02	0.6914893617021277	0.5538461538461539	3.0	3.0	0.0
M1B	ID25	M1B_ID25_PB2	0.0									0.0	1.0	0.0	1.0
M1B	ID25	M1B_ID25_PB3	0.2456140350877193	chr13	48459834.0	RB1	Splice site	0.14	86.0	-0.04					
M1B	ID25	M1B_ID25_PB4	0.0												
M1B	ID25	M1B_ID25_PB5	0.0								0.7805309734513275	0.7188208616780047	1.0	1.0	0.0
M1B	ID25	M1B_ID25_PB6	0.0								0.7332896461336829	0.6362823949955319	1.0	1.0	0.0
M1B	ID25	M1B_ID25_PB7	0.0								0.8253424657534246	0.7883817427385891	3.0	3.0	0.0
M1B	ID25	M1B_ID25_PB8	0.5632183908045977	chr3	179218303.0	PIK3CA	Missense p.E545K	0.392	125.0	0.06	0.9319727891156462	0.9270072992700729	1.0	1.0	0.0
M1B	ID25	M1B_ID25_cfDNA_2018Dec17	0.0												
M1B	ID25	M1B_ID25_cfDNA_2018Jul05	0.0												
M1B	ID26	M1B_ID26_cfDNA_2018Oct16	0.0												
M1B	ID26	M1B_ID26_cfDNA_2019Mar13	0.0												
M1B	ID27	M1B_ID27_PB1	0.0												
M1B	ID27	M1B_ID27_PB2	0.0												
M1B	ID27	M1B_ID27_PB3	0.0												
M1B	ID27	M1B_ID27_cfDNA_2018Oct25	0.0												
M1B	ID28	M1B_ID28_PB1	0.5925404644616468	chr17	49619070.0	SPOP	Missense p.W131R	0.42100000000000004	126.0	0.01	0.6486344537815126	0.4582995951417004	5.0	5.0	0.0
M1B	ID28	M1B_ID28_cfDNA_2018Nov14	0.0												
M1B	ID29	M1B_ID29_PB1	0.5152190051967335	chr14	37590885.0	FOXA1	3'-UTR	0.34700000000000003	519.0	0.27	0.6862745098039216	0.5428571428571429	3.0	2.0	1.0
M1B	ID29	M1B_ID29_PB2	0.7841945288753799	chr17	7675139.0	TP53	Missense p.R26H, p.R119H, p.R158H	0.645	479.0	-0.62	0.8235294117647058	0.7857142857142856	8.0	8.0	0.0
M1B	ID29	M1B_ID29_PB3	0.7593052109181142	chr17	7675139.0	TP53	Missense p.R26H, p.R119H, p.R158H	0.612	343.0	-0.52	0.7889908256880734	0.7325581395348837	8.0	8.0	0.0
M1B	ID29	M1B_ID29_PB4	0.6495611073598919	chr17	7675139.0	TP53	Missense p.R26H, p.R119H, p.R158H	0.48100000000000004	293.0	-0.34	0.7240530303030304	0.6188856918650276	8.0	6.0	2.0
M1B	ID29	M1B_ID29_cfDNA_2018Dec18	0.0												
M1B	ID2	M1B_ID2_PB1	0.8492520138089759	chr17	7673776.0	TP53	Missense p.R150W, p.R123W, p.R243W, p.R282W	0.738	390.0	-0.58	0.874251497005988	0.8561643835616439	7.0	6.0	1.0
M1B	ID2	M1B_ID2_PB2_merged	0.7357774968394437	chr17	7673776.0	TP53	Missense p.R150W, p.R123W, p.R243W, p.R282W	0.5820000000000001	256.0	-0.7	0.8688524590163934	0.8490566037735849	8.0	7.0	1.0
M1B	ID2	M1B_ID2_PB3_merged	0.8088147706968434	chr17	7673776.0	TP53	Missense p.R150W, p.R123W, p.R243W, p.R282W	0.679	577.0	-0.43	0.8985671191553544	0.8871170793117917	8.0	7.0	1.0
M1B	ID2	M1B_ID2_PB4_merged	0.8088147706968434	chr17	7673776.0	TP53	Missense p.R150W, p.R123W, p.R243W, p.R282W	0.679	483.0	-0.53	0.86005615364168	0.8372852217081816	7.0	7.0	0.0
M1B	ID2	M1B_ID2_cfDNA_2016Nov18	0.1167608286252354	chr17	7673776.0	TP53	Missense p.R150W, p.R123W, p.R243W, p.R282W	0.062	851.0	-0.08					
M1B	ID2	M1B_ID2_cfDNA_2017Dec21	0.0												
M1B	ID2	M1B_ID2_cfDNA_2017Mar23	0.0												
M1B	ID30	M1B_ID30_PB1	0.5412107950401167	chr17	49619281.0	SPOP	Missense p.F102C	0.371	278.0	0.02	0.8151352611940299	0.7732097387920924	9.0	7.0	2.0
M1B	ID30	M1B_ID30_PB2	0.4662576687116564	chr5	112835129.0	APC	Frameshift p.S625Qfs*7, p.S653Qfs*7, p.S615Qfs*7, p.S584Qfs*7, p.S552Qfs*7, p.S483Qfs*7, p.S643Qfs*7, p.S618Qfs*7, p.S602Qfs*7, p.S542Qfs*7, p.S517Qfs*7, p.S661Qfs*7, p.S360Qfs*7	0.304	438.0	0.06	0.6164383561643836	0.37777777777777777	7.0	7.0	0.0
M1B	ID30	M1B_ID30_cfDNA_2017Jan20	0.0												
M1B	ID31	M1B_ID31_PB1	0.0												
M1B	ID31	M1B_ID31_PB2	0.0												
M1B	ID31	M1B_ID31_PB3	0.0												
M1B	ID31	M1B_ID31_PB4	0.0												
M1B	ID31	M1B_ID31_cfDNA_2016Oct18	0.0												
M1B	ID31	M1B_ID31_cfDNA_2017Sep19	0.0												
M1B	ID3	M1B_ID3_PB1	0.607	chrX	71129408.0	MED12	Missense p.L1224F	0.607	56.0	0.13	0.7670031390410538	0.6962243710628737	8.0	6.0	2.0
M1B	ID3	M1B_ID3_PB2	0.7140000000000001	chrX	71129408.0	MED12	Missense p.L1224F	0.7140000000000001	49.0	-0.11	0.8921130952380952	0.8790658882402003	8.0	6.0	2.0
M1B	ID3	M1B_ID3_PB3	0.4917043740573152	chr7	148788565.0	CUL1	Synonymous p.C496C	0.326	86.0	0.12	0.6210435779816514	0.38980703536146266	2.0	1.0	1.0
M1B	ID3	M1B_ID3_PB4	0.711340206185567	chr7	148788565.0	CUL1	Synonymous p.C496C	0.552	125.0	0.0	0.6137931034482759	0.3707865168539326	5.0	5.0	0.0
M1B	ID3	M1B_ID3_cfDNA_2017Aug03	0.0												
M1B	ID3	M1B_ID3_cfDNA_2018Mar01	0.0												
M1B	ID4	M1B_ID4_PB1	0.5107967237527923	chr14	67886708.0	RAD51B	Intronic	0.34299999999999997	169.0	0.01	0.7879396799646043	0.7308673170959967	6.0	4.0	2.0
M1B	ID4	M1B_ID4_PB2	0.5475671750181554	chr14	67886708.0	RAD51B	Intronic	0.377	138.0	-0.05	0.7413797905525847	0.6511636643687662	7.0	5.0	2.0
M1B	ID4	M1B_ID4_cfDNA_2018Jan18	0.0												
M1B	ID4	M1B_ID4_cfDNA_2018Jul26	0.0676328502415459	chr14	67886708.0	RAD51B	Intronic	0.035	1218.0	0.03					
M1B	ID5	M1B_ID5_PB1	0.0								0.9288259564891223	0.9233720343260978	5.0	4.0	1.0
M1B	ID5	M1B_ID5_PB2	0.0								0.8505747126436781	0.8243243243243243	3.0	2.0	1.0
M1B	ID5	M1B_ID5_PB3	0.0								0.8711283185840708	0.852063492063492	5.0	4.0	1.0
M1B	ID5	M1B_ID5_PB4	0.3857949959644875	chr7	152187474.0	KMT2C	Missense p.D1599V	0.239	134.0	0.01	0.6930375018676229	0.5570766411555461	3.0	2.0	1.0
M1B	ID5	M1B_ID5_cfDNA_2017Dec14	0.0												
M1B	ID5	M1B_ID5_cfDNA_2017Mar23	0.0												
M1B	ID5	M1B_ID5_cfDNA_2018Dec13	0.0												
M1B	ID5	M1B_ID5_cfDNA_2018Mar15	0.0												
M1B	ID6	M1B_ID6_PB1	0.7357774968394437	chr17	7673802.0	TP53	Missense p.R141H, p.R114H, p.R234H, p.R273H	0.5820000000000001	67.0	-0.15					
M1B	ID6	M1B_ID6_PB2	0.7760097919216646	chr17	7673802.0	TP53	Missense p.R141H, p.R114H, p.R234H, p.R273H	0.634	101.0	-0.1	0.7281553398058253	0.6266666666666667	4.0	3.0	1.0
M1B	ID6	M1B_ID6_PB3	0.5517740767559739	chr17	7673802.0	TP53	Missense p.R141H, p.R114H, p.R234H, p.R273H	0.381	134.0	0.01	0.6595744680851063	0.4838709677419353	5.0	4.0	1.0
M1B	ID6	M1B_ID6_PB4	0.7623762376237623	chr17	7673802.0	TP53	Missense p.R141H, p.R114H, p.R234H, p.R273H	0.616	164.0	0.03	0.6557377049180328	0.4750000000000001	2.0	2.0	0.0
M1B	ID6	M1B_ID6_PB5	0.6684420772303595	chr17	7673802.0	TP53	Missense p.R141H, p.R114H, p.R234H, p.R273H	0.502	207.0	0.1	0.5892857142857143	0.303030303030303	5.0	1.0	4.0
M1B	ID6	M1B_ID6_cfDNA_2017Oct24	0.0												
M1B	ID7	M1B_ID7_PB2	0.6609999999999999	chrX	45059245.0	KDM6A	Splice site	0.6609999999999999	59.0	0.02	0.7692307692307693	0.7000000000000002	6.0	5.0	1.0
M1B	ID7	M1B_ID7_cfDNA_2017Jun15	0.013	chrX	45059245.0	KDM6A	Splice site	0.013	538.0	0.14					
M1B	ID8	M1B_ID8_PB1	0.8	chrX	129506123.0	SMARCA1	Frameshift p.A352Pfs*40	0.8	40.0	0.17	0.6339735894357743	0.4226472259041849	1.0	1.0	0.0
M1B	ID8	M1B_ID8_PB2	0.0												
M1B	ID8	M1B_ID8_cfDNA_2016Dec22	0.0												
M1B	ID8	M1B_ID8_cfDNA_2018Oct18	0.0												
M1B	ID9	M1B_ID9_PB2	0.0												
M1B	ID9	M1B_ID9_PB3	0.0												
M1B	ID9	M1B_ID9_cfDNA_2017Oct12	0.5734664764621971	chr17	43057308.0	BRCA1	Intronic	0.402	82.0	-0.17					
