	M1RP_ID10_MB1	M1RP_ID10_PB2	M1RP_ID10_RP2	M1RP_ID10_RP3	M1RP_ID10_cfDNA_2018Dec03	M1RP_ID11_MLN3	M1RP_ID11_MLN4	M1RP_ID11_RP2	M1RP_ID11_RP5	M1RP_ID12_MLN1	M1RP_ID12_RP2	M1RP_ID13_MLN4	M1RP_ID13_RP2	M1RP_ID13_RP1	M1RP_ID14_MLN3	M1RP_ID14_MLN4	M1RP_ID14_PB3	M1RP_ID14_RP5	M1RP_ID15_PB3	M1RP_ID15_PB5	M1RP_ID15_RP4	M1RP_ID15_RP6	M1RP_ID16_cfDNA_2017Oct24	M1RP_ID16_RP1	M1RP_ID16_RP2	M1RP_ID16_RP7	M1RP_ID17_PB4	M1RP_ID17_RP3	M1RP_ID17_RP4	M1RP_ID17_RP5	M1RP_ID18_PB3	M1RP_ID18_PB5	M1RP_ID18_PB7	M1RP_ID18_PB8	M1RP_ID18_RP2	M1RP_ID19_cfDNA_2017Jan13	M1RP_ID19_MLN2	M1RP_ID19_PB2	M1RP_ID19_RP2	M1RP_ID19_RP3	M1RP_ID19_RP7	M1RP_ID1_MLN4	M1RP_ID1_RP1	M1RP_ID1_RP2	M1RP_ID20_MLN1	M1RP_ID20_PB1	M1RP_ID20_PB3	M1RP_ID21_cfDNA_2018Oct25	M1RP_ID21_MLN1	M1RP_ID21_PB2	M1RP_ID21_RP2	M1RP_ID21_RP3	M1RP_ID22_MLN1	M1RP_ID22_RP10	M1RP_ID22_RP1	M1RP_ID23_MLN1	M1RP_ID23_RP4	M1RP_ID23_RP9	M1RP_ID24_RP6	M1RP_ID25_RP2	M1RP_ID26_MLN1	M1RP_ID26_RP1	M1RP_ID26_RP3	M1RP_ID27_MLN2	M1RP_ID27_RP4	M1RP_ID27_RP5	M1RP_ID28_MLN1	M1RP_ID28_RP2	M1RP_ID28_RP4	M1RP_ID29_MLN3	M1RP_ID29_RP8	M1RP_ID29_RP9	M1RP_ID2_cfDNA_2018Jun07	M1RP_ID2_MLN6	M1RP_ID2_MLN9	M1RP_ID2_RP3	M1RP_ID2_RP6	M1RP_ID30_PB1	M1RP_ID30_RP1	M1RP_ID30_RP3	M1RP_ID30_UCC	M1RP_ID31_MLN9	M1RP_ID31_RP2	M1RP_ID31_RP3	M1RP_ID32_RP4	M1RP_ID33_cfDNA_2021Mar30	M1RP_ID33_MLN5	M1RP_ID33_RP5	M1RP_ID33_RP6	M1RP_ID33_RP9	M1RP_ID34_MLN7	M1RP_ID34_RP3	M1RP_ID34_RP6	M1RP_ID35_RP4	M1RP_ID36_MLN2	M1RP_ID36_RP1	M1RP_ID36_RP3	M1RP_ID37_MLN1	M1RP_ID37_MLN2	M1RP_ID37_RP5	M1RP_ID37_RP6	M1RP_ID38_cfDNA_2020Jan30	M1RP_ID38_RP1	M1RP_ID38_RP7	M1RP_ID39_PB1	M1RP_ID3_MLN5	M1RP_ID3_RP4	M1RP_ID3_RP5	M1RP_ID40_RP4	M1RP_ID41_RP4	M1RP_ID42_MLN3	M1RP_ID42_RP1	M1RP_ID42_RP8	M1RP_ID43_MLN1	M1RP_ID43_RP2	M1RP_ID43_RP8	M1RP_ID4_cfDNA_2017May12	M1RP_ID4_MLN2	M1RP_ID4_MLN4	M1RP_ID4_RP2	M1RP_ID4_RP9	M1RP_ID5_cfDNA_2018Mar30	M1RP_ID5_MLN5	M1RP_ID5_PB2	M1RP_ID5_RP1	M1RP_ID6_MLN1	M1RP_ID6_RP1	M1RP_ID6_RP2	M1RP_ID6_RP5	M1RP_ID7_MLN3	M1RP_ID7_RP1	M1RP_ID7_RP3	M1RP_ID8_MLN1	M1RP_ID8_MLN2	M1RP_ID8_MLN3	M1RP_ID8_MLN4	M1RP_ID8_MLN8	M1RP_ID8_MLN9	M1RP_ID8_RP1	M1RP_ID8_RP2	M1RP_ID8_RP4	M1RP_ID8_RP5	M1RP_ID8_RP7	M1RP_ID8_RP8	M1RP_ID9_MLN2	M1RP_ID9_RP6	M1RP_ID9_RP9
M1RP_ID10_MB1		71	71	70	73	64	42	78	66	0	81	75	89	85	94	67	70	100	78	70	98	123	120	94	105	93	93	94	86	89	110	122	139	100	83	605	108	161	102	110	33	92	97	100	355	14	178	144	65	134	87	99	93	59	105	79	118	84	65	78	3	104	59	0	83	70	90	94	106	44	85	102	128	90	95	100	85	12	76	94	140	59	52	64	89	231	208	146	195	98	73	76	75	61	27	48	39	71	45	51	50	115	102	57	94	80	87	79	106	108	104	72	95	107	86	117	128	104	115	95	116	179	126	191	148	121	0	121	84	103	92	89	127	556	1269	1400	119	1317	112	920	138	500	698	103	991	322	795
M1RP_ID10_PB2	71		58	64	80	60	43	75	63	0	75	71	83	79	89	64	64	95	72	66	92	118	114	89	99	92	87	89	81	85	104	115	133	94	77	598	103	155	98	105	35	86	91	94	350	15	175	138	64	128	82	93	88	56	100	73	111	82	61	72	4	98	58	0	80	66	85	88	105	43	79	97	122	86	89	93	79	11	71	94	140	56	51	60	83	224	202	140	188	93	68	71	71	54	27	46	38	70	42	51	47	109	95	57	88	74	81	71	100	103	98	67	89	101	81	112	122	99	110	89	110	173	120	185	142	115	2	115	78	97	86	84	120	549	1263	1398	113	1311	107	914	132	494	691	97	1013	323	796
M1RP_ID10_RP2	71	58		62	76	58	38	71	59	0	70	66	78	74	84	60	60	89	67	59	87	113	109	84	93	86	82	84	76	80	99	111	128	89	72	590	98	150	92	100	31	80	85	89	341	15	171	133	59	123	77	88	80	55	96	68	106	78	56	64	5	90	54	0	75	62	79	83	100	38	73	92	116	80	82	87	74	12	65	93	138	52	46	54	76	219	197	135	183	88	63	65	66	51	26	41	34	66	43	48	45	103	89	53	83	69	77	66	95	98	93	63	84	96	76	107	117	94	104	84	105	166	112	179	137	110	0	109	73	92	81	78	114	543	1251	1382	107	1300	102	909	127	486	687	92	976	320	779
M1RP_ID10_RP3	70	64	62		81	59	42	75	63	0	78	69	86	81	91	63	65	99	74	62	93	119	118	89	100	91	89	91	83	86	107	118	136	96	79	603	102	159	96	107	32	90	94	98	357	18	176	142	60	132	84	93	86	56	98	76	115	83	59	72	4	98	54	0	81	64	84	90	102	40	82	100	126	88	93	96	81	11	70	94	137	55	51	58	81	229	205	143	192	95	70	72	72	56	27	45	38	70	44	49	45	114	99	55	92	78	86	75	104	105	101	67	92	104	84	117	126	101	113	93	113	177	123	185	146	118	0	119	81	100	88	87	125	554	1269	1408	115	1322	108	917	135	498	695	100	1046	323	813
M1RP_ID10_cfDNA_2018Dec03	73	80	76	81		68	49	83	72	0	85	77	96	89	101	71	73	109	86	74	102	127	131	95	108	98	98	99	92	94	116	125	147	103	86	618	114	169	105	114	35	97	100	109	358	14	180	157	67	146	91	102	97	61	108	84	127	89	68	82	4	106	61	0	87	69	94	102	110	47	90	112	141	94	103	102	90	13	77	96	144	62	56	66	89	244	212	151	200	101	78	80	79	66	27	52	44	74	48	55	51	129	108	59	98	89	100	83	114	115	111	75	100	115	92	125	141	109	127	103	125	192	136	195	157	127	0	131	88	111	96	92	132	562	1278	1418	123	1329	115	925	145	508	703	109	1050	327	808
M1RP_ID11_MLN3	64	60	58	59	68		19	35	27	0	46	42	45	43	52	37	36	57	43	38	63	89	79	61	69	60	59	59	52	54	73	81	99	60	44	496	76	116	70	75	23	55	56	63	261	17	143	92	38	91	54	65	58	36	77	44	70	54	31	42	4	64	34	0	45	38	54	57	79	21	49	63	82	51	53	60	46	7	41	83	123	31	29	32	54	167	153	97	133	57	42	39	40	32	20	22	18	45	27	33	30	64	56	35	47	41	49	41	58	66	56	39	52	63	48	69	78	62	73	55	75	117	72	133	96	76	0	73	49	63	55	49	72	448	1051	1092	74	1075	75	799	89	399	583	58	665	280	578
M1RP_ID11_MLN4	42	43	38	42	49	19		28	19	0	28	26	31	29	33	22	21	37	26	23	45	73	55	41	47	42	37	42	34	34	46	59	69	41	29	402	60	98	53	54	11	34	36	38	183	13	125	71	24	74	36	46	40	21	64	24	51	29	15	23	4	43	19	0	27	23	32	37	57	9	31	41	57	32	37	40	32	3	23	52	83	16	11	18	33	125	114	69	96	36	22	19	22	20	8	10	6	27	11	21	16	46	36	20	32	21	29	18	40	47	39	22	34	40	26	43	54	39	46	35	51	87	50	98	69	55	1	57	32	41	34	30	50	359	886	930	52	918	55	667	61	310	464	34	509	221	439
M1RP_ID11_RP2	78	75	71	75	83	35	28		35	0	57	52	62	59	66	50	47	73	54	49	74	100	91	69	78	69	69	71	63	65	83	96	111	74	59	552	88	134	80	85	26	64	65	72	293	15	157	115	48	107	65	74	69	46	88	54	90	63	41	52	6	79	43	0	57	48	65	67	89	27	58	74	99	66	69	75	60	6	50	88	128	39	36	42	64	189	173	116	156	70	52	51	52	41	22	29	23	53	33	37	36	84	72	45	63	52	60	49	78	83	75	47	66	78	59	84	96	78	89	67	89	140	92	156	113	94	0	92	60	76	67	62	91	483	1156	1238	88	1187	88	851	107	435	622	71	765	289	642
M1RP_ID11_RP5	66	63	59	63	72	27	19	35		0	47	44	51	49	59	40	37	60	44	39	64	90	83	62	70	59	59	60	52	54	73	84	97	64	46	528	78	125	69	75	20	54	57	62	277	15	149	101	38	97	55	64	59	35	76	43	75	52	33	41	5	66	32	0	48	39	53	56	80	19	50	64	82	50	51	63	44	7	42	80	120	29	27	33	55	178	163	106	143	61	43	38	40	34	18	23	18	44	26	34	29	70	58	33	53	41	49	39	67	70	61	38	55	70	50	76	87	68	76	56	80	121	75	140	100	77	0	72	46	63	55	50	78	466	1118	1186	78	1149	78	842	94	418	614	60	733	288	631
M1RP_ID12_MLN1	0	0	0	0	0	0	0	0	0		3	0	0	0	0	1	1	1	0	0	4	12	0	2	0	1	2	2	1	2	0	1	1	2	0	3	2	3	1	2	1	1	0	0	5	5	3	1	1	1	0	0	0	0	14	0	2	1	0	0	0	0	0	0	2	1	3	3	10	0	0	1	0	4	0	0	1	0	0	0	1	0	1	0	1	3	3	3	4	3	1	1	1	1	0	0	0	0	0	1	1	0	1	0	1	0	1	0	1	3	8	2	2	2	2	2	1	0	2	1	0	1	1	0	0	1	1	0	0	2	2	1	0	9	12	13	0	11	1	22	2	10	16	1	15	10	17
M1RP_ID12_RP2	81	75	70	78	85	46	28	57	47	3		53	64	60	69	49	46	76	53	49	73	99	94	72	81	74	68	70	62	66	85	97	113	75	58	577	86	136	79	86	27	67	72	75	329	16	162	118	48	109	64	74	70	46	88	54	92	64	41	51	2	77	43	0	57	49	66	69	86	26	60	77	103	67	70	75	60	6	51	88	129	37	36	43	64	205	183	121	168	74	51	52	54	42	21	31	25	54	30	42	35	87	76	40	67	55	62	53	79	84	78	50	70	81	62	92	100	78	90	68	90	151	99	164	122	95	0	96	59	77	67	63	98	526	1233	1346	93	1271	88	892	113	469	667	77	884	305	739
M1RP_ID13_MLN4	75	71	66	69	77	42	26	52	44	0	53		40	42	67	45	43	71	50	44	70	96	89	68	77	70	65	66	58	61	81	93	108	71	55	550	83	132	77	83	25	63	68	72	309	19	157	114	44	103	61	71	66	41	85	50	83	59	38	49	3	74	40	0	55	45	62	64	86	26	57	73	98	63	66	72	56	8	48	87	128	35	34	39	61	198	180	117	162	69	48	49	50	40	21	28	23	49	28	38	35	79	67	39	61	49	56	49	73	79	68	46	61	76	54	82	95	75	85	65	86	139	91	153	112	88	0	86	55	71	62	60	93	497	1169	1255	87	1198	85	875	108	445	658	73	780	302	678
M1RP_ID13_RP2	89	83	78	86	96	45	31	62	51	0	64	40		49	78	48	54	83	61	54	80	105	103	79	89	80	75	77	69	74	92	105	122	81	64	588	92	144	86	93	25	74	80	83	339	20	164	127	52	117	71	82	76	43	91	61	101	70	45	60	3	85	45	0	68	56	73	77	96	28	68	86	111	74	78	81	68	7	57	87	129	43	37	45	69	214	190	128	178	78	58	60	59	47	19	31	29	57	26	41	39	96	85	42	77	63	70	61	89	92	87	55	77	90	70	101	111	88	99	78	99	161	108	173	131	104	1	103	66	85	75	72	109	539	1251	1381	102	1302	95	903	121	482	681	86	993	308	787
M1RP_ID13_RP1	85	79	74	81	89	43	29	59	49	0	60	42	49		73	48	50	79	57	52	77	102	98	73	84	78	72	73	64	68	89	101	117	79	61	574	88	139	81	90	28	70	76	79	336	16	164	122	50	112	67	78	70	46	88	58	94	68	44	55	2	80	44	1	64	54	70	73	89	29	64	81	106	70	74	79	64	6	55	89	129	38	37	45	67	210	187	125	174	77	53	55	56	43	20	30	26	54	27	41	39	91	80	42	73	57	64	58	82	88	79	53	71	85	66	97	104	83	93	74	94	156	103	168	126	97	0	98	63	79	71	68	102	526	1229	1335	96	1263	91	895	117	470	673	81	947	311	776
M1RP_ID14_MLN3	94	89	84	91	101	52	33	66	59	0	69	67	78	73		43	49	60	67	58	87	112	107	83	94	85	82	84	76	80	98	110	128	89	70	586	96	150	92	99	28	81	86	89	343	15	167	129	59	119	77	85	82	54	96	67	104	76	54	65	5	93	54	0	74	59	78	83	98	33	74	90	117	78	83	88	73	10	63	91	135	48	48	51	76	218	195	134	183	88	66	67	66	49	23	31	29	61	35	47	40	99	86	53	83	68	75	67	93	98	90	61	84	96	76	107	115	93	104	82	105	165	114	178	137	107	1	105	73	92	80	78	115	532	1239	1371	106	1278	102	901	127	476	686	90	968	317	786
M1RP_ID14_MLN4	67	64	60	63	71	37	22	50	40	1	49	45	48	48	43		29	47	44	41	64	92	75	63	65	64	57	58	52	53	74	81	101	61	48	480	76	117	72	78	21	56	62	65	299	15	142	97	41	91	55	63	63	41	81	43	72	56	34	43	5	72	39	0	49	41	58	60	83	22	50	61	85	53	56	65	49	8	45	82	123	32	32	34	56	177	163	106	142	64	45	46	46	37	17	24	18	46	24	35	32	64	58	36	50	41	48	42	64	68	59	40	53	67	48	72	75	63	75	54	74	112	75	136	101	71	0	70	48	61	55	54	77	441	1043	1092	77	1054	75	811	94	398	613	58	675	289	604
M1RP_ID14_PB3	70	64	60	65	73	36	21	47	37	1	46	43	54	50	49	29		52	43	39	63	89	85	63	71	64	58	59	51	54	75	86	104	64	48	554	77	126	70	76	18	55	59	65	295	13	153	105	38	98	54	64	59	33	76	43	82	52	32	41	4	67	32	0	45	39	56	59	79	21	49	66	90	57	60	65	49	5	41	79	118	29	29	33	53	190	169	109	154	64	42	43	43	34	14	21	17	44	23	33	26	74	63	35	57	42	50	40	70	73	63	38	59	70	50	78	91	70	79	59	80	136	87	152	108	83	0	81	48	67	56	53	83	496	1182	1276	81	1225	78	867	100	447	636	64	831	289	672
M1RP_ID14_RP5	100	95	89	99	109	57	37	73	60	1	76	71	83	79	60	47	52		73	65	92	116	113	88	98	92	88	89	81	86	104	116	134	94	76	600	102	156	99	102	31	86	92	95	354	16	174	138	62	128	83	92	89	60	101	71	113	81	58	72	7	98	59	0	80	65	86	89	104	39	79	98	123	86	90	93	80	13	69	95	140	54	51	57	80	226	202	140	189	93	71	72	71	58	26	38	36	68	37	52	47	110	96	58	88	74	83	73	100	102	98	66	89	101	81	113	123	99	109	90	110	174	121	186	143	116	1	116	79	97	86	83	121	550	1262	1402	113	1314	106	915	132	494	693	98	1030	318	804
M1RP_ID15_PB3	78	72	67	74	86	43	26	54	44	0	53	50	61	57	67	44	43	73		47	56	83	91	69	78	71	65	67	59	63	82	94	111	72	54	573	84	133	77	82	23	64	69	72	326	13	161	116	44	106	61	71	67	43	84	50	89	60	39	49	2	76	40	0	58	45	63	66	84	28	57	75	99	63	66	72	57	7	50	85	123	37	34	41	61	202	180	118	166	71	47	50	51	42	17	28	21	51	31	39	36	85	74	41	64	52	60	51	78	81	76	47	67	79	58	89	99	76	88	67	87	149	97	163	119	93	0	92	56	74	63	60	98	526	1229	1355	90	1279	85	888	110	472	665	75	965	302	754
M1RP_ID15_PB5	70	66	59	62	74	38	23	49	39	0	49	44	54	52	58	41	39	65	47		67	92	88	64	74	65	61	64	56	59	77	90	104	65	50	526	81	127	74	80	21	56	58	66	278	13	149	102	41	97	57	68	63	38	83	46	79	57	34	44	3	71	37	0	49	40	58	60	82	23	53	70	91	58	60	68	52	7	43	79	120	33	30	37	55	181	166	110	151	65	46	42	45	36	12	26	15	42	26	29	29	74	63	36	57	44	52	44	70	74	63	41	59	70	54	77	85	65	79	60	80	130	81	146	107	80	1	75	50	67	59	55	83	473	1133	1209	81	1165	81	843	94	421	611	61	756	281	633
M1RP_ID15_RP4	98	92	87	93	102	63	45	74	64	4	73	70	80	77	87	64	63	92	56	67		106	112	89	97	91	85	87	79	83	102	113	131	92	74	590	103	153	97	103	41	84	89	92	338	15	180	135	65	124	81	91	87	64	105	70	109	80	59	69	6	97	60	0	78	67	83	86	107	48	77	93	120	84	86	92	77	16	71	107	146	56	56	61	81	221	200	138	185	91	69	70	71	62	33	47	42	72	54	61	57	102	90	63	84	72	80	69	97	101	95	67	87	98	79	106	119	96	107	87	107	168	115	181	140	112	0	110	76	94	84	81	115	539	1245	1343	109	1285	105	907	130	485	685	95	903	324	754
M1RP_ID15_RP6	123	118	113	119	127	89	73	100	90	12	99	96	105	102	112	92	89	116	83	92	106		135	115	123	117	110	113	105	109	127	137	154	117	99	606	130	176	123	129	62	110	114	118	362	18	200	160	91	149	107	117	112	87	132	96	132	106	85	94	11	123	86	0	101	87	109	112	130	72	103	120	145	109	111	117	103	17	96	124	169	83	80	87	107	245	224	163	208	116	93	96	97	86	52	69	62	94	73	80	79	126	116	87	109	94	101	91	122	124	119	93	111	124	104	132	140	119	133	113	132	192	138	203	165	137	2	135	102	120	109	105	139	551	1242	1331	135	1273	131	923	156	504	699	118	890	341	754
M1RP_ID16_cfDNA_2017Oct24	120	114	109	118	131	79	55	91	83	0	94	89	103	98	107	75	85	113	91	88	112	135		89	90	93	106	109	101	105	123	136	153	111	95	617	124	175	115	124	44	105	110	114	359	16	188	158	76	148	103	113	107	73	120	93	132	102	72	90	6	113	70	0	97	80	103	108	121	54	98	117	142	105	109	111	99	14	87	102	153	70	62	76	96	245	217	154	202	111	87	87	89	73	32	53	50	85	48	66	60	129	116	66	109	94	102	92	119	122	118	86	106	121	101	131	142	118	130	109	130	193	140	204	162	135	0	134	98	117	106	103	140	570	1279	1415	132	1332	127	932	152	512	710	117	1019	328	796
M1RP_ID16_RP1	94	89	84	89	95	61	41	69	62	2	72	68	79	73	83	63	63	88	69	64	89	115	89		77	61	84	87	79	82	97	105	121	91	72	542	101	148	96	102	37	82	88	90	334	14	166	127	61	115	79	87	86	61	102	70	96	80	54	68	6	92	52	0	74	59	81	84	103	42	77	89	115	81	82	89	76	14	66	101	141	54	47	60	78	211	195	134	175	88	66	69	70	57	30	42	35	67	44	56	46	97	86	54	76	69	74	67	90	95	86	66	80	95	76	101	105	87	98	79	100	151	110	169	130	109	2	106	75	86	81	78	107	497	1156	1216	104	1182	103	870	124	445	657	88	760	305	671
M1RP_ID16_RP2	105	99	93	100	108	69	47	78	70	0	81	77	89	84	94	65	71	98	78	74	97	123	90	77		82	93	95	87	91	109	121	138	100	82	592	110	161	105	111	36	90	97	100	344	13	175	139	69	131	89	98	95	65	108	78	113	87	64	77	3	102	62	0	83	66	90	93	107	47	85	101	127	90	94	100	85	9	73	98	145	59	52	66	86	227	207	143	190	98	74	78	79	62	27	39	38	72	40	58	50	109	99	60	91	79	85	77	104	107	99	75	91	107	86	115	124	103	114	95	115	168	123	188	145	120	0	119	84	100	91	88	120	539	1230	1329	116	1258	113	909	136	481	688	99	879	318	745
M1RP_ID16_RP7	93	92	86	91	98	60	42	69	59	1	74	70	80	78	85	64	64	92	71	65	91	117	93	61	82		85	87	80	83	103	113	128	92	75	562	104	151	98	104	44	84	88	91	346	15	170	132	64	123	79	91	87	63	103	71	102	82	58	71	6	95	58	0	78	61	82	85	105	42	78	92	119	82	85	91	77	15	71	102	144	55	54	62	82	222	201	139	186	92	67	71	72	58	34	41	36	67	44	55	47	98	89	57	83	71	77	71	94	99	90	67	85	97	77	104	108	90	102	84	103	155	109	172	135	110	0	108	76	92	84	80	113	527	1189	1265	110	1206	105	885	125	466	678	93	838	321	744
M1RP_ID17_PB4	93	87	82	89	98	59	37	69	59	2	68	65	75	72	82	57	58	88	65	61	85	110	106	84	93	85		61	52	54	97	108	126	86	70	586	99	147	92	98	28	79	84	87	337	17	174	131	55	121	76	84	82	56	101	65	104	75	54	65	4	90	54	2	72	58	78	81	99	40	72	89	115	79	82	87	72	11	65	94	137	48	45	54	76	214	194	132	179	86	63	65	65	56	22	41	35	65	43	54	47	97	86	52	77	66	74	64	93	95	89	62	81	93	73	100	115	92	102	80	103	164	108	176	135	108	0	107	71	89	78	75	110	532	1248	1358	104	1286	100	902	125	480	678	87	920	311	738
M1RP_ID17_RP3	94	89	84	91	99	59	42	71	60	2	70	66	77	73	84	58	59	89	67	64	87	113	109	87	95	87	61		54	53	99	111	128	88	71	591	100	150	94	100	32	80	84	89	344	20	176	132	58	122	78	87	82	58	101	68	105	78	55	66	7	94	55	2	73	62	80	83	101	41	74	92	117	81	84	89	74	13	64	94	140	51	48	57	77	218	197	135	183	88	64	67	68	57	25	42	38	69	43	53	47	101	90	51	82	69	76	67	93	97	92	63	84	96	75	104	115	94	103	84	105	165	112	177	136	110	0	109	73	92	81	78	113	535	1243	1353	106	1284	101	905	126	481	681	89	933	315	759
M1RP_ID17_RP4	86	81	76	83	92	52	34	63	52	1	62	58	69	64	76	52	51	81	59	56	79	105	101	79	87	80	52	54		49	91	103	120	80	64	581	92	142	86	92	29	73	78	81	340	19	165	124	50	114	70	79	74	52	92	60	96	70	48	57	5	85	49	1	67	55	72	75	93	31	66	82	109	73	76	81	66	11	56	92	135	43	41	49	69	212	189	127	176	80	56	58	59	49	22	36	30	60	37	48	43	95	82	46	74	59	67	59	87	89	83	56	74	88	67	99	109	86	97	76	97	158	102	171	128	102	0	101	65	84	73	70	106	533	1246	1358	98	1284	93	899	119	478	678	82	955	311	779
M1RP_ID17_RP5	89	85	80	86	94	54	34	65	54	2	66	61	74	68	80	53	54	86	63	59	83	109	105	82	91	83	54	53	49		95	107	124	84	67	587	94	146	90	95	29	77	82	85	345	18	172	129	54	119	74	83	79	52	96	64	103	74	51	63	4	88	51	2	71	57	76	79	96	35	70	87	113	77	80	85	70	9	60	93	136	45	44	51	73	216	193	131	180	84	60	63	63	51	24	39	35	64	39	49	45	100	86	48	79	63	70	63	91	92	89	59	80	92	72	103	113	90	101	80	101	162	110	175	133	106	0	104	69	87	77	75	110	538	1249	1375	104	1296	97	904	123	481	683	87	986	314	792
M1RP_ID18_PB3	110	104	99	107	116	73	46	83	73	0	85	81	92	89	98	74	75	104	82	77	102	127	123	97	109	103	97	99	91	95		104	115	103	86	604	112	165	108	115	43	96	101	104	362	13	179	148	74	138	93	103	99	68	112	83	122	93	68	82	3	107	69	0	89	74	95	98	114	49	89	107	132	96	99	104	89	10	80	105	148	67	62	71	92	234	211	148	198	103	80	82	82	69	29	52	46	81	49	58	58	117	105	66	97	84	91	82	110	113	107	78	98	111	90	120	131	109	120	98	120	181	128	195	151	125	0	125	88	105	96	93	128	557	1263	1393	123	1311	117	920	142	500	701	106	985	328	789
M1RP_ID18_PB5	122	115	111	118	125	81	59	96	84	1	97	93	105	101	110	81	86	116	94	90	113	137	136	105	121	113	108	111	103	107	104		130	116	79	621	127	177	118	125	51	108	113	116	376	17	191	160	83	150	105	115	108	75	121	95	134	105	80	94	8	120	79	1	100	85	107	110	124	63	101	118	143	108	111	114	101	11	90	116	160	77	69	81	104	247	224	161	211	114	92	92	95	83	43	64	58	91	58	70	67	130	118	76	110	96	103	95	122	125	119	91	111	122	103	134	144	121	132	111	132	194	142	206	164	137	1	136	100	118	108	104	140	570	1280	1400	135	1329	129	934	154	515	713	119	996	341	814
M1RP_ID18_PB7	139	133	128	136	147	99	69	111	97	1	113	108	122	117	128	101	104	134	111	104	131	154	153	121	138	128	126	128	120	124	115	130		133	114	636	143	194	134	143	51	125	130	133	388	14	203	177	98	167	122	130	125	91	137	112	150	121	97	111	7	136	97	0	116	94	124	127	137	71	118	136	161	125	128	132	118	13	108	120	171	92	80	99	121	264	241	179	227	131	109	107	108	94	40	80	72	107	66	78	77	148	135	94	127	113	120	111	139	141	137	108	128	140	119	150	161	137	149	128	149	211	157	224	181	154	0	154	117	135	125	123	158	589	1301	1428	151	1349	146	953	171	533	730	136	1028	351	825
M1RP_ID18_PB8	100	94	89	96	103	60	41	74	64	2	75	71	81	79	89	61	64	94	72	65	92	117	111	91	100	92	86	88	80	84	103	116	133		76	593	102	153	98	104	39	84	89	93	343	17	172	135	62	127	83	93	87	61	101	73	111	83	61	69	6	97	61	1	80	67	85	88	109	44	79	97	121	84	88	93	78	12	68	102	145	55	52	63	81	222	201	139	186	91	71	72	71	55	29	47	38	70	42	50	49	103	92	59	84	74	81	71	97	102	95	67	87	100	79	108	119	96	106	86	108	167	116	183	139	114	1	114	78	96	85	79	117	540	1237	1348	112	1276	107	909	132	486	687	95	903	319	756
M1RP_ID18_RP2	83	77	72	79	86	44	29	59	46	0	58	55	64	61	70	48	48	76	54	50	74	99	95	72	82	75	70	71	64	67	86	79	114	76		569	89	137	81	87	27	69	73	77	334	16	157	118	48	109	66	76	69	46	89	55	90	66	44	55	7	82	46	1	63	54	68	70	90	30	62	79	105	69	71	75	62	9	55	92	132	41	39	46	65	207	185	123	171	75	54	54	56	45	24	30	23	55	34	38	34	87	74	47	69	56	63	56	81	85	78	52	71	83	61	92	101	80	93	72	92	148	97	165	123	95	0	93	61	78	69	66	99	518	1218	1321	94	1256	90	888	115	463	669	77	922	308	767
M1RP_ID19_cfDNA_2017Jan13	605	598	590	603	618	496	402	552	528	3	577	550	588	574	586	480	554	600	573	526	590	606	617	542	592	562	586	591	581	587	604	621	636	593	569		569	659	564	602	260	590	596	599	823	22	548	643	495	633	584	585	567	444	505	572	617	562	518	574	36	564	471	1	566	457	582	591	517	391	580	602	627	579	594	583	581	65	533	344	477	483	418	501	551	730	698	635	688	584	554	562	557	493	216	412	398	511	320	377	387	614	596	444	593	579	587	573	603	603	602	546	581	603	583	618	627	601	614	594	615	678	625	690	647	620	3	620	583	600	587	563	626	1055	1771	1911	617	1823	607	1419	637	999	1197	601	1555	679	1308
M1RP_ID19_MLN2	108	103	98	102	114	76	60	88	78	2	86	83	92	88	96	76	77	102	84	81	103	130	124	101	110	104	99	100	92	94	112	127	143	102	89	569		131	81	92	48	95	99	106	316	17	181	141	77	132	95	105	99	71	116	84	118	92	73	79	11	105	69	1	82	74	97	100	121	56	89	104	125	92	97	104	88	10	83	103	156	70	64	75	95	220	206	146	188	101	83	81	83	72	37	53	50	82	54	67	59	112	99	72	94	86	93	82	108	108	102	78	96	111	92	117	125	105	115	99	118	172	125	190	148	120	1	117	89	108	96	92	124	510	1166	1250	117	1206	118	881	139	463	650	103	781	322	668
M1RP_ID19_PB2	161	155	150	159	169	116	98	134	125	3	136	132	144	139	150	117	126	156	133	127	153	176	175	148	161	151	147	150	142	146	165	177	194	153	137	659	131		123	139	70	147	152	155	408	20	229	199	122	189	144	154	147	113	156	134	173	142	118	133	11	156	114	1	138	118	146	149	163	96	139	158	182	146	150	154	140	21	127	130	185	114	99	120	143	285	262	201	247	154	131	133	130	115	49	95	86	125	85	103	96	168	156	111	148	135	142	131	161	164	159	129	150	162	142	174	183	158	171	150	171	233	180	246	203	176	1	175	139	158	147	145	182	611	1325	1451	174	1375	168	974	193	554	751	158	1056	378	844
M1RP_ID19_RP2	102	98	92	96	105	70	53	80	69	1	79	77	86	81	92	72	70	99	77	74	97	123	115	96	105	98	92	94	86	90	108	118	134	98	81	564	81	123		83	49	88	95	98	339	16	171	136	71	129	87	98	94	71	109	76	109	87	66	75	9	104	67	1	81	73	89	92	115	45	83	97	123	87	91	97	83	12	76	109	153	63	61	68	88	222	206	145	191	97	76	77	78	67	38	48	46	78	56	61	55	107	95	68	89	75	82	76	102	105	97	74	89	105	83	112	119	100	111	90	111	164	117	180	144	116	2	116	83	99	90	88	116	529	1199	1284	116	1222	111	897	134	479	677	100	807	327	706
M1RP_ID19_RP3	110	105	100	107	114	75	54	85	75	2	86	83	93	90	99	78	76	102	82	80	103	129	124	102	111	104	98	100	92	95	115	125	143	104	87	602	92	139	83		53	96	101	103	356	15	186	148	77	139	94	103	100	71	113	84	118	94	71	83	12	110	73	1	90	78	96	99	118	57	90	107	133	97	100	105	90	16	83	114	157	69	64	74	94	233	213	151	198	104	82	83	84	71	38	55	51	82	56	67	61	115	105	73	98	82	89	82	109	112	107	80	97	112	91	120	131	109	118	99	119	178	127	195	153	122	1	121	89	107	97	94	126	544	1239	1339	121	1279	118	918	143	490	693	103	883	334	753
M1RP_ID19_RP7	33	35	31	32	35	23	11	26	20	1	27	25	25	28	28	21	18	31	23	21	41	62	44	37	36	44	28	32	29	29	43	51	51	39	27	260	48	70	49	53		32	30	29	222	11	93	47	20	51	29	37	37	24	59	20	27	33	15	20	3	48	21	1	31	25	37	34	66	11	28	27	38	22	25	38	22	3	28	68	111	19	19	16	38	113	107	69	86	37	31	28	28	20	11	13	9	29	18	23	20	35	33	22	22	19	21	21	37	35	30	23	31	36	29	38	47	36	38	33	46	55	36	66	54	43	0	37	28	28	26	28	42	284	653	662	47	657	51	531	60	242	435	31	400	252	394
M1RP_ID1_MLN4	92	86	80	90	97	55	34	64	54	1	67	63	74	70	81	56	55	86	64	56	84	110	105	82	90	84	79	80	73	77	96	108	125	84	69	590	95	147	88	96	32		55	60	344	13	167	129	54	119	74	85	79	49	90	65	103	73	48	64	3	88	49	2	71	56	76	80	94	32	71	88	114	78	81	84	71	7	62	93	131	47	39	49	72	217	194	132	180	84	62	64	64	49	21	32	29	60	33	44	40	99	87	47	79	66	73	64	92	94	89	61	81	93	73	103	114	90	102	80	102	159	107	175	131	107	1	106	70	88	78	74	110	538	1254	1373	104	1298	99	905	124	482	682	89	973	316	778
M1RP_ID1_RP1	97	91	85	94	100	56	36	65	57	0	72	68	80	76	86	62	59	92	69	58	89	114	110	88	97	88	84	84	78	82	101	113	130	89	73	596	99	152	95	101	30	55		64	353	17	171	135	58	125	78	90	84	56	94	70	108	78	55	69	4	95	55	1	76	60	81	84	100	33	75	93	119	83	86	90	75	11	68	95	137	52	46	56	76	222	199	135	186	89	65	69	66	54	23	40	32	67	36	49	46	104	93	51	84	71	78	70	96	98	95	64	84	97	78	109	119	95	106	85	107	170	117	179	139	111	1	112	75	93	83	79	117	542	1258	1379	110	1303	104	911	129	488	688	94	970	317	791
M1RP_ID1_RP2	100	94	89	98	109	63	38	72	62	0	75	72	83	79	89	65	65	95	72	66	92	118	114	90	100	91	87	89	81	85	104	116	133	93	77	599	106	155	98	103	29	60	64		356	15	174	138	63	128	83	93	88	60	99	73	112	82	58	71	3	97	59	2	80	60	85	88	106	37	79	97	122	86	89	93	78	8	71	94	135	51	46	58	80	225	202	139	189	92	70	70	70	54	22	39	33	68	35	50	47	109	96	55	89	74	81	73	99	103	97	67	89	101	81	113	122	99	110	89	110	173	120	185	142	115	3	115	78	96	86	82	121	550	1264	1404	113	1317	107	914	132	493	692	97	1020	320	804
M1RP_ID20_MLN1	355	350	341	357	358	261	183	293	277	5	329	309	339	336	343	299	295	354	326	278	338	362	359	334	344	346	337	344	340	345	362	376	388	343	334	823	316	408	339	356	222	344	353	356		248	274	395	280	389	336	333	333	301	309	324	354	339	307	328	26	350	307	4	337	320	345	346	338	219	330	353	383	346	351	339	333	52	320	310	362	286	284	306	328	484	457	393	447	347	328	329	328	276	212	238	222	318	253	227	230	358	347	302	346	336	342	331	358	360	350	321	345	355	337	365	380	358	367	343	371	428	376	437	398	370	3	370	337	349	339	325	377	782	1446	1526	365	1472	351	1143	390	725	936	354	1090	535	979
M1RP_ID20_PB1	14	15	15	18	14	17	13	15	15	5	16	19	20	16	15	15	13	16	13	13	15	18	16	14	13	15	17	20	19	18	13	17	14	17	16	22	17	20	16	15	11	13	17	15	248		180	14	14	14	15	16	15	13	22	14	13	18	13	14	5	17	16	3	16	15	14	15	16	12	13	18	16	18	17	19	13	6	15	17	27	15	14	15	15	20	18	14	18	14	12	18	14	16	11	14	14	19	16	16	16	13	15	16	14	14	17	15	14	15	16	14	14	15	15	15	16	15	14	15	19	20	20	20	20	16	1	16	13	13	15	14	15	34	68	75	14	76	14	68	13	31	58	15	36	30	36
M1RP_ID20_PB3	178	175	171	176	180	143	125	157	149	3	162	157	164	164	167	142	153	174	161	149	180	200	188	166	175	170	174	176	165	172	179	191	203	172	157	548	181	229	171	186	93	167	171	174	274	180		208	139	201	167	177	172	140	190	157	181	161	142	158	15	168	145	3	157	144	169	171	184	133	164	173	192	167	167	174	159	34	151	140	207	145	131	147	164	269	247	204	234	167	153	150	153	149	79	130	125	158	113	140	131	180	174	136	169	154	157	148	174	174	173	154	169	176	161	180	195	175	184	170	185	224	188	246	205	189	1	183	162	179	169	166	181	497	1031	1085	177	1065	184	804	191	460	611	166	664	339	595
M1RP_ID21_cfDNA_2018Oct25	144	138	133	142	157	92	71	115	101	1	118	114	127	122	129	97	105	138	116	102	135	160	158	127	139	132	131	132	124	129	148	160	177	135	118	643	141	199	136	148	47	129	135	138	395	14	208		87	146	109	116	127	92	128	117	156	123	94	116	7	135	89	0	123	92	127	132	145	68	122	141	166	129	133	135	123	10	108	116	165	93	78	99	119	269	242	179	229	130	111	115	110	94	37	67	63	104	63	80	76	154	140	86	133	118	126	116	144	145	142	109	133	145	125	157	166	142	153	133	154	217	164	228	186	159	0	159	122	141	130	121	165	595	1309	1449	156	1361	151	958	176	537	736	141	1089	341	845
M1RP_ID21_MLN1	65	64	59	60	67	38	24	48	38	1	48	44	52	50	59	41	38	62	44	41	65	91	76	61	69	64	55	58	50	54	74	83	98	62	48	495	77	122	71	77	20	54	58	63	280	14	139	87		82	47	60	58	38	79	43	72	54	34	42	4	68	35	1	50	41	56	58	80	22	50	64	85	53	56	65	46	3	42	82	125	32	29	34	56	179	165	107	144	63	44	43	45	36	13	24	18	46	23	32	31	66	56	36	50	41	46	40	65	69	56	40	55	66	49	71	78	65	73	55	75	123	80	137	105	80	0	78	49	61	55	52	75	446	1062	1122	80	1076	77	820	95	394	607	62	673	288	606
M1RP_ID21_PB2	134	128	123	132	146	91	74	107	97	1	109	103	117	112	119	91	98	128	106	97	124	149	148	115	131	123	121	122	114	119	138	150	167	127	109	633	132	189	129	139	51	119	125	128	389	14	201	146	82		99	108	119	84	131	107	146	111	87	106	7	129	86	1	114	85	117	122	134	72	112	131	156	119	123	124	113	18	101	111	158	85	71	91	112	258	236	173	222	124	104	105	105	86	40	68	61	96	62	73	74	143	130	78	122	108	116	106	134	136	132	101	122	135	115	147	156	132	143	123	144	206	154	218	176	149	0	149	112	131	120	115	154	584	1297	1436	146	1349	141	948	166	528	726	131	1069	342	839
M1RP_ID21_RP2	87	82	77	84	91	54	36	65	55	0	64	61	71	67	77	55	54	83	61	57	81	107	103	79	89	79	76	78	70	74	93	105	122	83	66	584	95	144	87	94	29	74	78	83	336	15	167	109	47	99		68	78	51	93	62	98	71	48	60	6	88	50	0	69	55	74	77	99	34	68	84	111	75	78	82	68	5	61	91	133	44	41	51	70	213	191	129	176	80	59	61	61	50	22	34	28	60	35	42	44	96	85	49	75	62	68	60	89	91	86	57	76	90	70	100	111	88	98	78	99	156	103	171	130	104	0	103	67	86	75	70	106	532	1240	1361	100	1287	95	902	120	478	678	85	929	312	770
M1RP_ID21_RP3	99	93	88	93	102	65	46	74	64	0	74	71	82	78	85	63	64	92	71	68	91	117	113	87	98	91	84	87	79	83	103	115	130	93	76	585	105	154	98	103	37	85	90	93	333	16	177	116	60	108	68		87	58	102	70	107	81	59	69	7	98	59	0	77	65	82	85	106	47	78	95	118	83	86	93	77	10	71	100	144	56	52	60	80	219	198	137	185	88	70	71	71	62	29	45	40	72	47	53	53	104	94	58	85	72	78	71	97	101	93	67	86	100	79	108	117	97	107	88	108	165	114	180	138	112	0	111	76	93	83	81	118	533	1225	1333	110	1259	106	895	131	478	678	93	889	318	736
M1RP_ID22_MLN1	93	88	80	86	97	58	40	69	59	0	70	66	76	70	82	63	59	89	67	63	87	112	107	86	95	87	82	82	74	79	99	108	125	87	69	567	99	147	94	100	37	79	84	88	333	15	172	127	58	119	78	87		44	85	66	99	75	55	67	4	94	57	0	72	65	78	80	101	43	72	85	114	78	82	86	73	9	67	100	143	53	50	57	78	211	193	134	177	86	65	67	68	59	29	44	38	68	47	55	52	97	84	60	77	67	74	66	91	94	86	63	80	92	71	101	111	91	102	80	103	150	105	166	130	105	0	103	73	86	77	75	108	504	1189	1254	104	1207	100	886	125	454	668	90	786	316	682
M1RP_ID22_RP10	59	56	55	56	61	36	21	46	35	0	46	41	43	46	54	41	33	60	43	38	64	87	73	61	65	63	56	58	52	52	68	75	91	61	46	444	71	113	71	71	24	49	56	60	301	13	140	92	38	84	51	58	44		66	41	58	52	32	41	3	67	37	0	48	43	54	56	81	21	49	63	81	54	58	65	47	3	44	85	124	31	32	34	54	170	157	99	135	61	43	45	45	36	18	24	19	46	29	35	34	66	56	36	51	37	42	40	58	68	55	38	53	65	48	66	69	57	65	51	69	105	65	127	92	76	0	74	48	57	51	51	77	427	986	1042	76	992	73	777	89	375	591	61	635	289	574
M1RP_ID22_RP1	105	100	96	98	108	77	64	88	76	14	88	85	91	88	96	81	76	101	84	83	105	132	120	102	108	103	101	101	92	96	112	121	137	101	89	505	116	156	109	113	59	90	94	99	309	22	190	128	79	131	93	102	85	66		84	112	94	73	81	18	103	73	1	87	77	94	96	121	63	91	102	126	94	97	103	89	21	83	118	161	72	66	75	95	213	201	147	181	101	83	81	83	75	51	63	59	84	66	75	70	100	95	76	91	81	86	79	104	105	98	82	96	105	85	109	120	105	111	94	115	160	116	174	136	112	3	109	88	103	96	92	111	468	1078	1132	112	1095	119	829	133	418	616	98	687	320	610
M1RP_ID23_MLN1	79	73	68	76	84	44	24	54	43	0	54	50	61	58	67	43	43	71	50	46	70	96	93	70	78	71	65	68	60	64	83	95	112	73	55	572	84	134	76	84	20	65	70	73	324	14	157	117	43	107	62	70	66	41	84		73	54	40	51	3	78	42	1	59	50	64	67	88	25	58	75	100	64	67	73	58	7	50	84	125	35	32	41	62	203	180	119	167	72	50	51	51	42	15	29	21	51	27	37	32	85	73	38	67	52	59	51	79	82	76	48	68	80	60	90	99	76	87	67	88	150	96	163	120	93	0	93	57	76	65	63	99	521	1230	1350	91	1277	86	890	111	472	668	76	932	305	747
M1RP_ID23_RP4	118	111	106	115	127	70	51	90	75	2	92	83	101	94	104	72	82	113	89	79	109	132	132	96	113	102	104	105	96	103	122	134	150	111	90	617	118	173	109	118	27	103	108	112	354	13	181	156	72	146	98	107	99	58	112	73		83	69	87	2	108	61	0	90	70	100	106	112	51	96	115	140	99	107	107	95	9	80	91	136	62	46	67	94	243	217	154	206	104	83	85	82	68	19	47	39	77	38	50	49	128	110	58	106	92	100	89	115	121	116	81	105	115	98	129	140	114	127	107	128	191	138	203	160	133	0	133	96	115	103	96	139	568	1279	1420	130	1329	123	932	150	512	710	115	1045	319	810
M1RP_ID23_RP9	84	82	78	83	89	54	29	63	52	1	64	59	70	68	76	56	52	81	60	57	80	106	102	80	87	82	75	78	70	74	93	105	121	83	66	562	92	142	87	94	33	73	78	82	339	18	161	123	54	111	71	81	75	52	94	54	83		50	61	4	88	54	0	68	61	74	76	98	31	68	85	110	75	77	82	68	6	61	97	139	46	48	51	72	213	191	129	177	82	60	61	62	47	26	36	32	61	39	48	42	90	81	51	76	62	69	61	87	90	80	58	74	90	68	100	104	87	97	77	98	152	97	168	125	100	1	100	67	82	74	73	102	514	1204	1313	100	1233	95	888	117	460	674	82	886	318	750
M1RP_ID24_RP6	65	61	56	59	68	31	15	41	33	0	41	38	45	44	54	34	32	58	39	34	59	85	72	54	64	58	54	55	48	51	68	80	97	61	44	518	73	118	66	71	15	48	55	58	307	13	142	94	34	87	48	59	55	32	73	40	69	50		38	1	65	31	0	47	39	51	54	77	14	45	61	85	50	52	59	45	2	40	78	118	26	26	29	50	190	168	106	153	60	38	39	40	31	8	15	10	41	23	28	25	69	57	30	52	34	41	36	62	69	60	35	54	65	45	73	81	62	73	54	74	122	74	142	100	76	0	73	43	57	51	51	79	476	1136	1210	77	1144	70	850	94	428	644	61	816	296	703
M1RP_ID25_RP2	78	72	64	72	82	42	23	52	41	0	51	49	60	55	65	43	41	72	49	44	69	94	90	68	77	71	65	66	57	63	82	94	111	69	55	574	79	133	75	83	20	64	69	71	328	14	158	116	42	106	60	69	67	41	81	51	87	61	38		4	76	41	1	58	46	63	66	85	24	57	74	100	63	67	71	56	7	49	85	126	35	34	39	60	202	179	117	167	71	48	48	50	41	16	26	21	51	31	36	31	82	71	40	66	52	59	49	76	81	75	46	67	78	58	88	100	77	87	67	87	149	93	163	119	92	0	93	56	73	62	61	94	517	1220	1334	90	1261	85	888	110	467	664	73	908	300	760
M1RP_ID26_MLN1	3	4	5	4	4	4	4	6	5	0	2	3	3	2	5	5	4	7	2	3	6	11	6	6	3	6	4	7	5	4	3	8	7	6	7	36	11	11	9	12	3	3	4	3	26	5	15	7	4	7	6	7	4	3	18	3	2	4	1	4		9	7	1	5	5	3	3	10	2	6	5	3	2	3	8	2	1	3	11	19	4	3	3	5	18	16	8	12	4	2	2	1	4	1	2	1	4	2	6	3	4	4	6	1	2	2	2	4	4	6	6	6	6	5	6	8	4	5	4	7	8	8	8	10	6	0	3	2	2	4	4	3	38	103	103	5	103	5	76	4	28	69	2	57	49	56
M1RP_ID26_RP1	104	98	90	98	106	64	43	79	66	0	77	74	85	80	93	72	67	98	76	71	97	123	113	92	102	95	90	94	85	88	107	120	136	97	82	564	105	156	104	110	48	88	95	97	350	17	168	135	68	129	88	98	94	67	103	78	108	88	65	76	9		59	3	81	71	89	91	112	46	82	99	121	87	92	95	82	9	77	112	153	61	62	64	86	229	204	143	191	97	76	76	78	64	43	50	41	77	55	53	56	103	95	68	85	75	81	76	99	103	97	72	90	103	82	111	122	101	110	91	114	164	113	181	142	117	0	117	83	96	89	85	118	522	1191	1271	114	1208	107	890	129	464	673	94	842	324	726
M1RP_ID26_RP3	59	58	54	54	61	34	19	43	32	0	43	40	45	44	54	39	32	59	40	37	60	86	70	52	62	58	54	55	49	51	69	79	97	61	46	471	69	114	67	73	21	49	55	59	307	16	145	89	35	86	50	59	57	37	73	42	61	54	31	41	7	59		3	50	42	54	57	80	20	46	55	78	50	50	62	42	6	43	85	124	29	29	32	54	186	169	109	157	62	42	43	44	32	19	22	18	44	27	33	30	65	59	36	48	38	43	41	60	69	58	38	54	64	46	69	78	62	67	53	70	108	71	129	96	74	0	71	45	60	52	49	73	457	1057	1113	75	1055	70	799	93	397	621	55	699	294	633
M1RP_ID27_MLN2	0	0	0	0	0	0	0	0	0	0	0	0	0	1	0	0	0	0	0	0	0	0	0	0	0	0	2	2	1	2	0	1	0	1	1	1	1	1	1	1	1	2	1	2	4	3	3	0	1	1	0	0	0	0	1	1	0	0	0	1	1	3	3		17	16	0	2	0	0	0	0	0	0	0	1	0	1	0	0	0	1	0	0	0	2	0	0	0	0	0	0	0	0	0	0	0	0	0	0	1	0	0	2	0	0	1	0	0	4	2	0	1	2	1	2	0	0	1	0	0	0	2	0	0	0	0	0	1	0	0	0	1	9	11	13	1	13	1	14	4	6	9	0	10	8	10
M1RP_ID27_RP4	83	80	75	81	87	45	27	57	48	2	57	55	68	64	74	49	45	80	58	49	78	101	97	74	83	78	72	73	67	71	89	100	116	80	63	566	82	138	81	90	31	71	76	80	337	16	157	123	50	114	69	77	72	48	87	59	90	68	47	58	5	81	50	17		40	69	73	93	28	64	82	108	72	74	80	65	11	54	95	135	41	45	49	68	210	188	126	175	79	57	58	59	42	25	28	24	56	37	37	37	92	81	47	74	58	64	58	85	87	81	55	74	87	66	96	106	84	94	74	95	154	101	169	126	99	0	98	64	78	71	70	104	513	1216	1318	97	1245	90	887	116	467	673	82	935	310	774
M1RP_ID27_RP5	70	66	62	64	69	38	23	48	39	1	49	45	56	54	59	41	39	65	45	40	67	87	80	59	66	61	58	62	55	57	74	85	94	67	54	457	74	118	73	78	25	56	60	60	320	15	144	92	41	85	55	65	65	43	77	50	70	61	39	46	5	71	42	16	40		61	62	86	21	52	64	88	57	56	66	52	9	46	87	129	35	35	37	59	192	175	116	158	70	48	50	51	38	20	24	19	48	32	31	32	69	62	41	60	44	48	49	64	71	68	46	62	72	55	82	82	68	77	59	77	120	78	143	105	83	0	76	55	59	56	59	85	439	1037	1105	88	1051	80	792	99	392	628	66	758	305	676
M1RP_ID28_MLN1	90	85	79	84	94	54	32	65	53	3	66	62	73	70	78	58	56	86	63	58	83	109	103	81	90	82	78	80	72	76	95	107	124	85	68	582	97	146	89	96	37	76	81	85	345	14	169	127	56	117	74	82	78	54	94	64	100	74	51	63	3	89	54	0	69	61		57	86	36	70	87	113	76	79	85	69	8	63	98	139	47	46	53	73	216	190	128	177	83	61	62	63	54	27	38	32	65	42	48	44	97	85	53	78	64	71	63	89	92	87	60	80	92	70	100	113	90	100	80	101	162	107	175	131	106	0	105	69	86	77	75	109	533	1237	1352	104	1280	98	901	122	476	676	87	908	319	751
M1RP_ID28_RP2	94	88	83	90	102	57	37	67	56	3	69	64	77	73	83	60	59	89	66	60	86	112	108	84	93	85	81	83	75	79	98	110	127	88	70	591	100	149	92	99	34	80	84	88	346	15	171	132	58	122	77	85	80	56	96	67	106	76	54	66	3	91	57	2	73	62	57		87	39	73	91	115	79	82	88	73	7	65	97	134	49	47	56	76	219	195	134	183	86	64	65	66	56	26	39	31	64	42	48	47	103	90	54	83	68	76	67	93	96	92	63	83	95	75	105	115	92	104	83	103	166	114	179	136	107	1	108	72	90	80	79	114	543	1253	1383	107	1302	101	907	126	487	685	91	982	317	782
M1RP_ID28_RP4	106	105	100	102	110	79	57	89	80	10	86	86	96	89	98	83	79	104	84	82	107	130	121	103	107	105	99	101	93	96	114	124	137	109	90	517	121	163	115	118	66	94	100	106	338	16	184	145	80	134	99	106	101	81	121	88	112	98	77	85	10	112	80	0	93	86	86	87		58	93	107	128	97	100	109	91	16	86	127	167	75	74	76	99	224	204	148	188	103	87	85	86	78	60	65	60	89	71	72	72	107	98	80	95	83	88	85	106	110	99	82	98	108	90	112	125	108	119	101	121	166	121	185	143	115	0	114	89	102	95	95	118	495	1089	1168	121	1099	118	845	136	448	644	105	730	335	654
M1RP_ID29_MLN3	44	43	38	40	47	21	9	27	19	0	26	26	28	29	33	22	21	39	28	23	48	72	54	42	47	42	40	41	31	35	49	63	71	44	30	391	56	96	45	57	11	32	33	37	219	12	133	68	22	72	34	47	43	21	63	25	51	31	14	24	2	46	20	0	28	21	36	39	58		31	44	54	31	35	41	28	1	25	61	99	16	10	17	34	138	127	82	111	37	24	17	22	21	6	8	5	24	12	20	16	42	40	21	32	22	29	21	43	45	42	23	38	42	27	47	54	43	47	38	54	92	54	114	74	48	0	49	27	38	33	33	50	373	911	957	51	930	54	697	63	336	502	35	557	252	495
M1RP_ID29_RP8	85	79	73	82	90	49	31	58	50	0	60	57	68	64	74	50	49	79	57	53	77	103	98	77	85	78	72	74	66	70	89	101	118	79	62	580	89	139	83	90	28	71	75	79	330	13	164	122	50	112	68	78	72	49	91	58	96	68	45	57	6	82	46	0	64	52	70	73	93	31		61	106	70	74	78	64	7	54	88	130	39	39	46	68	210	187	125	174	77	56	57	58	44	21	31	26	56	31	40	37	93	81	46	74	59	66	57	85	88	82	52	74	86	66	96	106	83	93	73	95	157	103	170	126	99	0	100	63	82	70	69	101	529	1244	1364	98	1281	92	897	117	475	674	81	948	312	752
M1RP_ID29_RP9	102	97	92	100	112	63	41	74	64	1	77	73	86	81	90	61	66	98	75	70	93	120	117	89	101	92	89	92	82	87	107	118	136	97	79	602	104	158	97	107	27	88	93	97	353	18	173	141	64	131	84	95	85	63	102	75	115	85	61	74	5	99	55	0	82	64	87	91	107	44	61		125	87	91	95	81	7	69	93	140	52	47	62	84	228	204	142	191	93	73	73	73	57	23	45	36	72	39	48	46	111	98	59	91	76	84	75	101	106	101	70	91	103	83	114	125	100	113	91	112	176	123	187	145	118	0	118	80	100	88	85	123	552	1266	1406	115	1318	109	915	135	496	695	99	1022	319	797
M1RP_ID2_cfDNA_2018Jun07	128	122	116	126	141	82	57	99	82	0	103	98	111	106	117	85	90	123	99	91	120	145	142	115	127	119	115	117	109	113	132	143	161	121	105	627	125	182	123	133	38	114	119	122	383	16	192	166	85	156	111	118	114	81	126	100	140	110	85	100	3	121	78	0	108	88	113	115	128	54	106	125		91	88	105	95	10	96	102	154	79	65	85	106	253	230	167	215	121	96	99	98	75	29	55	53	97	54	63	60	138	124	73	117	102	110	101	128	131	126	97	117	129	109	141	150	126	138	116	138	201	148	213	170	143	0	143	106	125	114	110	149	579	1293	1432	141	1345	134	942	160	522	719	125	1073	343	833
M1RP_ID2_MLN6	90	86	80	88	94	51	32	66	50	4	67	63	74	70	78	53	57	86	63	58	84	109	105	81	90	82	79	81	73	77	96	108	125	84	69	579	92	146	87	97	22	78	83	86	346	18	167	129	53	119	75	83	78	54	94	64	99	75	50	63	2	87	50	0	72	57	76	79	97	31	70	87	91		58	73	64	5	62	85	134	47	43	51	72	217	193	132	180	85	61	62	62	49	13	32	30	63	31	40	41	97	86	49	79	63	69	64	92	93	89	61	81	92	72	104	112	90	101	80	102	156	105	171	131	105	1	104	70	87	77	76	108	528	1230	1341	104	1271	97	899	121	476	682	87	925	314	776
M1RP_ID2_MLN9	95	89	82	93	103	53	37	69	51	0	70	66	78	74	83	56	60	90	66	60	86	111	109	82	94	85	82	84	76	80	99	111	128	88	71	594	97	150	91	100	25	81	86	89	351	17	167	133	56	123	78	86	82	58	97	67	107	77	52	67	3	92	50	0	74	56	79	82	100	35	74	91	88	58		71	63	8	66	90	135	47	40	52	74	219	196	133	182	87	65	67	66	53	17	35	30	65	36	42	43	103	91	48	84	69	77	67	95	98	93	63	83	96	76	107	116	93	105	83	105	168	115	180	137	110	1	109	73	92	81	77	116	546	1258	1396	107	1311	101	909	127	489	687	92	1026	312	807
M1RP_ID2_RP3	100	93	87	96	102	60	40	75	63	0	75	72	81	79	88	65	65	93	72	68	92	117	111	89	100	91	87	89	81	85	104	114	132	93	75	583	104	154	97	105	38	84	90	93	339	19	174	135	65	124	82	93	86	65	103	73	107	82	59	71	8	95	62	1	80	66	85	88	109	41	78	95	105	73	71		71	13	72	105	147	55	52	61	82	223	202	140	187	92	70	70	71	62	34	45	40	72	50	52	55	103	92	60	87	71	80	71	99	101	94	68	88	100	77	108	122	99	108	88	110	162	113	181	138	114	0	113	78	95	84	82	112	530	1217	1322	110	1250	107	903	127	477	683	92	912	325	757
M1RP_ID2_RP6	85	79	74	81	90	46	32	60	44	1	60	56	68	64	73	49	49	80	57	52	77	103	99	76	85	77	72	74	66	70	89	101	118	78	62	581	88	140	83	90	22	71	75	78	333	13	159	123	46	113	68	77	73	47	89	58	95	68	45	56	2	82	42	0	65	52	69	73	91	28	64	81	95	64	63	71		4	56	85	132	42	37	47	65	209	187	125	173	78	54	56	56	46	15	29	24	58	30	39	35	91	81	43	73	58	65	57	85	87	82	53	73	86	65	96	107	83	94	74	95	156	105	168	126	98	0	98	63	82	70	68	103	525	1238	1360	96	1286	92	895	116	472	671	81	955	306	755
M1RP_ID30_PB1	12	11	12	11	13	7	3	6	7	0	6	8	7	6	10	8	5	13	7	7	16	17	14	14	9	15	11	13	11	9	10	11	13	12	9	65	10	21	12	16	3	7	11	8	52	6	34	10	3	18	5	10	9	3	21	7	9	6	2	7	1	9	6	1	11	9	8	7	16	1	7	7	10	5	8	13	4		7	16	34	6	5	6	11	34	36	21	28	8	5	5	4	9	2	3	2	9	6	6	4	7	7	7	6	5	8	6	7	12	11	7	8	7	8	9	12	9	11	9	11	21	16	25	19	14	0	14	7	6	7	6	10	81	187	191	15	197	18	147	13	71	120	12	94	56	91
M1RP_ID30_RP1	76	71	65	70	77	41	23	50	42	0	51	48	57	55	63	45	41	69	50	43	71	96	87	66	73	71	65	64	56	60	80	90	108	68	55	533	83	127	76	83	28	62	68	71	320	15	151	108	42	101	61	71	67	44	83	50	80	61	40	49	3	77	43	0	54	46	63	65	86	25	54	69	96	62	66	72	56	7		90	127	37	37	41	62	199	174	114	158	71	50	51	52	40	19	28	22	53	31	36	34	78	68	43	60	48	54	48	72	80	72	46	64	75	55	82	93	73	79	66	85	136	88	152	113	86	1	84	56	71	64	60	85	473	1120	1198	86	1139	83	843	107	424	641	69	765	301	671
M1RP_ID30_RP3	94	94	93	94	96	83	52	88	80	0	88	87	87	89	91	82	79	95	85	79	107	124	102	101	98	102	94	94	92	93	105	116	120	102	92	344	103	130	109	114	68	93	95	94	310	17	140	116	82	111	91	100	100	85	118	84	91	97	78	85	11	112	85	0	95	87	98	97	127	61	88	93	102	85	90	105	85	16	90		145	78	82	78	100	193	179	138	161	102	91	92	92	81	61	67	59	90	78	75	77	98	94	84	86	80	84	84	101	103	93	85	93	99	89	99	108	99	104	96	109	127	103	138	124	108	1	101	91	92	90	92	112	376	785	824	116	771	115	649	127	329	540	100	512	320	497
M1RP_ID30_UCC	140	140	138	137	144	123	83	128	120	1	129	128	129	129	135	123	118	140	123	120	146	169	153	141	145	144	137	140	135	136	148	160	171	145	132	477	156	185	153	157	111	131	137	135	362	27	207	165	125	158	133	144	143	124	161	125	136	139	118	126	19	153	124	0	135	129	139	134	167	99	130	140	154	134	135	147	132	34	127	145		118	119	117	140	252	242	185	220	145	130	132	131	120	108	109	104	133	118	122	118	145	140	123	130	122	128	124	144	150	138	125	133	141	128	141	157	141	149	138	154	181	149	196	169	154	1	149	132	135	129	133	156	486	965	1009	161	967	157	778	171	432	641	144	646	368	607
M1RP_ID31_MLN9	59	56	52	55	62	31	16	39	29	0	37	35	43	38	48	32	29	54	37	33	56	83	70	54	59	55	48	51	43	45	67	77	92	55	41	483	70	114	63	69	19	47	52	51	286	15	145	93	32	85	44	56	53	31	72	35	62	46	26	35	4	61	29	1	41	35	47	49	75	16	39	52	79	47	47	55	42	6	37	78	118		21	24	45	172	154	98	133	55	36	37	37	28	14	18	11	37	21	29	24	60	51	28	43	33	38	34	55	61	51	32	48	57	36	59	75	58	65	50	71	111	69	135	97	69	1	67	41	55	47	46	72	449	1074	1139	71	1083	71	806	88	396	604	50	682	282	605
M1RP_ID31_RP2	52	51	46	51	56	29	11	36	27	1	36	34	37	37	48	32	29	51	34	30	56	80	62	47	52	54	45	48	41	44	62	69	80	52	39	418	64	99	61	64	19	39	46	46	284	14	131	78	29	71	41	52	50	32	66	32	46	48	26	34	3	62	29	0	45	35	46	47	74	10	39	47	65	43	40	52	37	5	37	82	119	21		20	48	165	149	92	131	57	37	36	37	28	16	16	12	38	24	28	25	54	47	30	40	30	36	34	53	59	46	31	45	53	38	55	67	52	59	47	64	96	59	119	85	63	0	63	41	49	41	45	66	403	951	1002	71	951	65	746	85	359	581	53	607	283	565
M1RP_ID31_RP3	64	60	54	58	66	32	18	42	33	0	43	39	45	45	51	34	33	57	41	37	61	87	76	60	66	62	54	57	49	51	71	81	99	63	46	501	75	120	68	74	16	49	56	58	306	15	147	99	34	91	51	60	57	34	75	41	67	51	29	39	3	64	32	0	49	37	53	56	76	17	46	62	85	51	52	61	47	6	41	78	117	24	20		51	189	168	108	155	60	40	40	41	30	11	20	13	38	23	29	26	66	56	30	53	36	42	39	63	67	58	35	51	64	45	68	77	59	73	54	74	118	75	141	100	77	0	74	46	58	51	50	79	469	1113	1198	77	1128	73	844	93	415	635	60	737	294	653
M1RP_ID32_RP4	89	83	76	81	89	54	33	64	55	1	64	61	69	67	76	56	53	80	61	55	81	107	96	78	86	82	76	77	69	73	92	104	121	81	65	551	95	143	88	94	38	72	76	80	328	15	164	119	56	112	70	80	78	54	95	62	94	72	50	60	5	86	54	0	68	59	73	76	99	34	68	84	106	72	74	82	65	11	62	100	140	45	48	51		213	191	129	178	82	60	61	62	52	30	36	34	62	40	47	44	94	82	52	71	61	66	60	85	90	83	58	76	89	68	96	107	86	96	77	96	148	103	167	127	102	1	99	67	82	73	71	104	508	1185	1278	98	1211	94	879	119	455	665	83	826	316	721
M1RP_ID33_cfDNA_2021Mar30	231	224	219	229	244	167	125	189	178	3	205	198	214	210	218	177	190	226	202	181	221	245	245	211	227	222	214	218	212	216	234	247	264	222	207	730	220	285	222	233	113	217	222	225	484	20	269	269	179	258	213	219	211	170	213	203	243	213	190	202	18	229	186	2	210	192	216	219	224	138	210	228	253	217	219	223	209	34	199	193	252	172	165	189	213		224	200	205	206	199	200	202	173	98	146	141	188	136	150	149	241	227	177	220	205	213	203	231	234	229	199	219	232	212	244	253	229	241	220	241	304	251	316	273	246	1	246	209	227	217	213	252	682	1397	1537	244	1449	236	1044	263	625	823	228	1181	436	940
M1RP_ID33_MLN5	208	202	197	205	212	153	114	173	163	3	183	180	190	187	195	163	169	202	180	166	200	224	217	195	207	201	194	197	189	193	211	224	241	201	185	698	206	262	206	213	107	194	199	202	457	18	247	242	165	236	191	198	193	157	201	180	217	191	168	179	16	204	169	0	188	175	190	195	204	127	187	204	230	193	196	202	187	36	174	179	242	154	149	168	191	224		177	183	183	178	179	180	159	94	130	125	171	129	135	137	216	204	163	197	182	189	181	206	210	205	177	197	209	188	220	230	207	218	197	218	279	227	291	250	223	2	223	186	204	193	191	226	651	1364	1494	221	1410	213	1019	240	596	799	205	1111	422	908
M1RP_ID33_RP5	146	140	135	143	151	97	69	116	106	3	121	117	128	125	134	106	109	140	118	110	138	163	154	134	143	139	132	135	127	131	148	161	179	139	123	635	146	201	145	151	69	132	135	139	393	14	204	179	107	173	129	137	134	99	147	119	154	129	106	117	8	143	109	0	126	116	128	134	148	82	125	142	167	132	133	140	125	21	114	138	185	98	92	108	129	200	177		160	121	117	118	119	104	61	83	77	115	83	91	90	152	141	104	133	119	126	118	145	149	143	115	135	147	126	155	166	144	156	134	155	214	162	228	187	161	1	161	124	141	131	130	163	580	1288	1403	158	1322	151	953	178	529	734	142	1011	365	836
M1RP_ID33_RP6	195	188	183	192	200	133	96	156	143	4	168	162	178	174	183	142	154	189	166	151	185	208	202	175	190	186	179	183	176	180	198	211	227	186	171	688	188	247	191	198	86	180	186	189	447	18	234	229	144	222	176	185	177	135	181	167	206	177	153	167	12	191	157	0	175	158	177	183	188	111	174	191	215	180	182	187	173	28	158	161	220	133	131	155	178	205	183	160		168	165	166	168	141	75	114	108	156	108	118	121	202	190	146	184	169	176	167	195	198	191	164	184	196	176	208	216	194	205	183	205	266	215	280	237	210	1	210	173	190	179	176	214	638	1350	1483	207	1399	200	1005	227	584	786	192	1108	402	896
M1RP_ID33_RP9	98	93	88	95	101	57	36	70	61	3	74	69	78	77	88	64	64	93	71	65	91	116	111	88	98	92	86	88	80	84	103	114	131	91	75	584	101	154	97	104	37	84	89	92	347	14	167	130	63	124	80	88	86	61	101	72	104	82	60	71	4	97	62	0	79	70	83	86	103	37	77	93	121	85	87	92	78	8	71	102	145	55	57	60	82	206	183	121	168		68	69	72	55	29	40	37	69	43	50	47	105	95	60	85	73	79	72	96	100	96	67	87	100	80	109	117	97	108	86	107	166	114	179	138	114	1	113	77	93	84	84	115	534	1229	1338	111	1261	105	904	130	480	685	96	935	321	786
M1RP_ID34_MLN7	73	68	63	70	78	42	22	52	43	1	51	48	58	53	66	45	42	71	47	46	69	93	87	66	74	67	63	64	56	60	80	92	109	71	54	554	83	131	76	82	31	62	65	70	328	12	153	111	44	104	59	70	65	43	83	50	83	60	38	48	2	76	42	0	57	48	61	64	87	24	56	73	96	61	65	70	54	5	50	91	130	36	37	40	60	199	178	117	165	68		34	40	40	23	28	23	51	33	37	34	83	70	41	62	49	56	49	75	80	72	45	65	78	55	86	97	74	82	64	87	142	94	157	118	87	0	86	54	70	60	61	95	504	1192	1296	90	1213	84	871	108	453	659	74	887	307	739
M1RP_ID34_RP3	76	71	65	72	80	39	19	51	38	1	52	49	60	55	67	46	43	72	50	42	70	96	87	69	78	71	65	67	58	63	82	92	107	72	54	562	81	133	77	83	28	64	69	70	329	18	150	115	43	105	61	71	67	45	81	51	85	61	39	48	2	76	43	0	58	50	62	65	85	17	57	73	99	62	67	70	56	5	51	92	132	37	36	40	61	200	179	118	166	69	34		41	42	22	29	24	52	36	39	34	82	73	43	64	51	58	49	77	79	73	45	67	77	55	87	97	74	84	66	85	143	92	155	116	89	0	88	54	74	63	61	92	509	1206	1303	90	1236	84	881	110	458	657	72	873	306	732
M1RP_ID34_RP6	75	71	66	72	79	40	22	52	40	1	54	50	59	56	66	46	43	71	51	45	71	97	89	70	79	72	65	68	59	63	82	95	108	71	56	557	83	130	78	84	28	64	66	70	328	14	153	110	45	105	61	71	68	45	83	51	82	62	40	50	1	78	44	0	59	51	63	66	86	22	58	73	98	62	66	71	56	4	52	92	131	37	37	41	62	202	180	119	168	72	40	41		41	22	29	22	53	34	38	36	82	73	43	64	49	57	51	76	81	74	48	66	76	54	83	96	76	87	66	87	144	92	157	116	91	0	91	57	71	63	63	92	503	1189	1290	87	1220	84	875	107	457	653	72	841	305	726
M1RP_ID35_RP4	61	54	51	56	66	32	20	41	34	1	42	40	47	43	49	37	34	58	42	36	62	86	73	57	62	58	56	57	49	51	69	83	94	55	45	493	72	115	67	71	20	49	54	54	276	16	149	94	36	86	50	62	59	36	75	42	68	47	31	41	4	64	32	0	42	38	54	56	78	21	44	57	75	49	53	62	46	9	40	81	120	28	28	30	52	173	159	104	141	55	40	42	41		14	23	18	44	25	33	31	66	61	35	47	37	44	39	62	60	60	38	53	61	41	64	83	63	72	55	76	123	76	139	103	74	0	72	46	59	50	47	73	445	1038	1100	74	1070	75	784	89	394	593	55	644	268	569
M1RP_ID36_MLN2	27	27	26	27	27	20	8	22	18	0	21	21	19	20	23	17	14	26	17	12	33	52	32	30	27	34	22	25	22	24	29	43	40	29	24	216	37	49	38	38	11	21	23	22	212	11	79	37	13	40	22	29	29	18	51	15	19	26	8	16	1	43	19	0	25	20	27	26	60	6	21	23	29	13	17	34	15	2	19	61	108	14	16	11	30	98	94	61	75	29	23	22	22	14		8	3	25	14	17	17	26	24	18	18	14	16	17	28	28	26	20	26	30	24	32	38	29	27	28	36	46	27	47	45	36	1	30	23	19	20	23	39	251	592	610	44	575	40	484	48	211	407	25	354	234	350
M1RP_ID36_RP1	48	46	41	45	52	22	10	29	23	0	31	28	31	30	31	24	21	38	28	26	47	69	53	42	39	41	41	42	36	39	52	64	80	47	30	412	53	95	48	55	13	32	40	39	238	14	130	67	24	68	34	45	44	24	63	29	47	36	15	26	2	50	22	0	28	24	38	39	65	8	31	45	55	32	35	45	29	3	28	67	109	18	16	20	36	146	130	83	114	40	28	29	29	23	8		5	33	17	22	19	46	43	22	33	22	28	24	42	48	42	26	40	46	28	50	65	48	50	41	61	89	54	107	78	57	0	53	33	47	38	34	52	390	915	979	56	940	53	706	69	341	509	40	532	242	477
M1RP_ID36_RP3	39	38	34	38	44	18	6	23	18	0	25	23	29	26	29	18	17	36	21	15	42	62	50	35	38	36	35	38	30	35	46	58	72	38	23	398	50	86	46	51	9	29	32	33	222	14	125	63	18	61	28	40	38	19	59	21	39	32	10	21	1	41	18	0	24	19	32	31	60	5	26	36	53	30	30	40	24	2	22	59	104	11	12	13	34	141	125	77	108	37	23	24	22	18	3	5		27	12	18	15	39	34	17	24	15	19	15	37	34	37	19	32	38	22	42	53	40	42	34	51	84	45	109	69	51	0	47	24	40	32	28	47	361	879	940	49	902	49	693	60	337	505	35	507	238	455
M1RP_ID37_MLN1	71	70	66	70	74	45	27	53	44	0	54	49	57	54	61	46	44	68	51	42	72	94	85	67	72	67	65	69	60	64	81	91	107	70	55	511	82	125	78	82	29	60	67	68	318	19	158	104	46	96	60	72	68	46	84	51	77	61	41	51	4	77	44	0	56	48	65	64	89	24	56	72	97	63	65	72	58	9	53	90	133	37	38	38	62	188	171	115	156	69	51	52	53	44	25	33	27		27	31	31	77	68	43	62	49	55	50	71	82	70	47	64	73	53	80	87	70	82	64	81	129	85	148	114	86	0	83	56	70	61	56	85	474	1108	1174	86	1110	81	831	100	414	636	67	723	298	641
M1RP_ID37_MLN2	45	42	43	44	48	27	11	33	26	0	30	28	26	27	35	24	23	37	31	26	54	73	48	44	40	44	43	43	37	39	49	58	66	42	34	320	54	85	56	56	18	33	36	35	253	16	113	63	23	62	35	47	47	29	66	27	38	39	23	31	2	55	27	0	37	32	42	42	71	12	31	39	54	31	36	50	30	6	31	78	118	21	24	23	40	136	129	83	108	43	33	36	34	25	14	17	12	27		22	19	45	42	27	31	26	30	30	46	46	40	29	40	45	30	46	60	45	48	41	57	76	44	98	70	49	0	42	32	38	33	35	54	339	784	818	59	779	59	635	67	285	504	43	478	260	453
M1RP_ID37_RP5	51	51	48	49	55	33	21	37	34	1	42	38	41	41	47	35	33	52	39	29	61	80	66	56	58	55	54	53	48	49	58	70	78	50	38	377	67	103	61	67	23	44	49	50	227	16	140	80	32	73	42	53	55	35	75	37	50	48	28	36	6	53	33	0	37	31	48	48	72	20	40	48	63	40	42	52	39	6	36	75	122	29	28	29	47	150	135	91	118	50	37	39	38	33	17	22	18	31	22		25	55	49	33	41	32	36	33	53	53	52	35	49	56	39	58	69	55	60	50	67	101	62	119	82	66	0	60	43	50	44	44	63	364	845	904	62	872	65	667	76	320	492	45	501	252	463
M1RP_ID37_RP6	50	47	45	45	51	30	16	36	29	1	35	35	39	39	40	32	26	47	36	29	57	79	60	46	50	47	47	47	43	45	58	67	77	49	34	387	59	96	55	61	20	40	46	47	230	16	131	76	31	74	44	53	52	34	70	32	49	42	25	31	3	56	30	1	37	32	44	47	72	16	37	46	60	41	43	55	35	4	34	77	118	24	25	26	44	149	137	90	121	47	34	34	36	31	17	19	15	31	19	25		51	45	29	36	29	32	28	50	52	47	33	46	50	36	54	62	51	56	45	61	97	59	113	82	62	0	55	40	50	42	40	57	364	852	909	59	881	58	671	70	320	495	44	504	246	465
M1RP_ID38_cfDNA_2020Jan30	115	109	103	114	129	64	46	84	70	0	87	79	96	91	99	64	74	110	85	74	102	126	129	97	109	98	97	101	95	100	117	130	148	103	87	614	112	168	107	115	35	99	104	109	358	13	180	154	66	143	96	104	97	66	100	85	128	90	69	82	4	103	65	0	92	69	97	103	107	42	93	111	138	97	103	103	91	7	78	98	145	60	54	66	94	241	216	152	202	105	83	82	82	66	26	46	39	77	45	55	51		73	62	104	89	98	87	115	115	114	80	104	115	96	128	138	111	124	102	126	189	136	198	158	130	0	130	93	112	100	96	135	566	1280	1420	126	1333	119	926	148	510	707	112	1052	325	809
M1RP_ID38_RP1	102	95	89	99	108	56	36	72	58	1	76	67	85	80	86	58	63	96	74	63	90	116	116	86	99	89	86	90	82	86	105	118	135	92	74	596	99	156	95	105	33	87	93	96	347	15	174	140	56	130	85	94	84	56	95	73	110	81	57	71	4	95	59	0	81	62	85	90	98	40	81	98	124	86	91	92	81	7	68	94	140	51	47	56	82	227	204	141	190	95	70	73	73	61	24	43	34	68	42	49	45	73		55	91	76	83	75	102	104	99	70	91	101	83	114	124	99	111	90	112	174	121	186	142	116	0	117	80	96	88	85	121	550	1262	1387	115	1304	108	914	133	492	693	99	991	314	789
M1RP_ID38_RP7	57	57	53	55	59	35	20	45	33	0	40	39	42	42	53	36	35	58	41	36	63	87	66	54	60	57	52	51	46	48	66	76	94	59	47	444	72	111	68	73	22	47	51	55	302	16	136	86	36	78	49	58	60	36	76	38	58	51	30	40	6	68	36	2	47	41	53	54	80	21	46	59	73	49	48	60	43	7	43	84	123	28	30	30	52	177	163	104	146	60	41	43	43	35	18	22	17	43	27	33	29	62	55		44	37	43	41	61	63	55	36	51	60	42	62	71	60	66	52	70	104	69	129	98	75	1	71	46	52	49	48	69	421	993	1043	72	996	71	773	86	382	600	56	632	292	589
M1RP_ID39_PB1	94	88	83	92	98	47	32	63	53	1	67	61	77	73	83	50	57	88	64	57	84	109	109	76	91	83	77	82	74	79	97	110	127	84	69	593	94	148	89	98	22	79	84	89	346	14	169	133	50	122	75	85	77	51	91	67	106	76	52	66	1	85	48	0	74	60	78	83	95	32	74	91	117	79	84	87	73	6	60	86	130	43	40	53	71	220	197	133	184	85	62	64	64	47	18	33	24	62	31	41	36	104	91	44		69	76	66	94	97	93	62	82	95	76	107	117	93	104	82	105	167	112	179	137	109	1	108	73	91	79	77	113	539	1252	1380	106	1302	99	906	125	486	686	91	999	313	789
M1RP_ID3_MLN5	80	74	69	78	89	41	21	52	41	0	55	49	63	57	68	41	42	74	52	44	72	94	94	69	79	71	66	69	59	63	84	96	113	74	56	579	86	135	75	82	19	66	71	74	336	14	154	118	41	108	62	72	67	37	81	52	92	62	34	52	2	75	38	0	58	44	64	68	83	22	59	76	102	63	69	71	58	5	48	80	122	33	30	36	61	205	182	119	169	73	49	51	49	37	14	22	15	49	26	32	29	89	76	37	69		42	40	79	81	78	46	68	80	61	93	102	77	90	68	90	153	100	165	122	95	0	95	58	77	65	62	101	531	1246	1384	92	1298	86	892	112	474	671	77	1023	300	788
M1RP_ID3_RP4	87	81	77	86	100	49	29	60	49	1	62	56	70	64	75	48	50	83	60	52	80	101	102	74	85	77	74	76	67	70	91	103	120	81	63	587	93	142	82	89	21	73	78	81	342	17	157	126	46	116	68	78	74	42	86	59	100	69	41	59	2	81	43	1	64	48	71	76	88	29	66	84	110	69	77	80	65	8	54	84	128	38	36	42	66	213	189	126	176	79	56	58	57	44	16	28	19	55	30	36	32	98	83	43	76	42		48	87	88	86	52	75	87	68	100	110	82	97	76	97	161	108	172	130	103	0	103	66	84	72	68	108	538	1253	1394	99	1305	94	899	120	482	678	85	1038	305	800
M1RP_ID3_RP5	79	71	66	75	83	41	18	49	39	0	53	49	61	58	67	42	40	73	51	44	69	91	92	67	77	71	64	67	59	63	82	95	111	71	56	573	82	131	76	82	21	64	70	73	331	15	148	116	40	106	60	71	66	40	79	51	89	61	36	49	2	76	41	0	58	49	63	67	85	21	57	75	101	64	67	71	57	6	48	84	124	34	34	39	60	203	181	118	167	72	49	49	51	39	17	24	15	50	30	33	28	87	75	41	66	40	48		79	80	77	48	68	79	60	92	99	76	89	66	89	149	96	164	120	93	0	92	57	74	65	62	97	525	1236	1362	91	1280	83	888	111	469	668	76	986	304	775
M1RP_ID40_RP4	106	100	95	104	114	58	40	78	67	1	79	73	89	82	93	64	70	100	78	70	97	122	119	90	104	94	93	93	87	91	110	122	139	97	81	603	108	161	102	109	37	92	96	99	358	14	174	144	65	134	89	97	91	58	104	79	115	87	62	76	4	99	60	0	85	64	89	93	106	43	85	101	128	92	95	99	85	7	72	101	144	55	53	63	85	231	206	145	195	96	75	77	76	62	28	42	37	71	46	53	50	115	102	61	94	79	87	79		108	104	72	93	107	87	118	127	105	116	94	116	178	124	190	148	121	1	121	84	103	92	88	125	553	1269	1398	119	1319	113	918	138	493	697	103	1039	324	807
M1RP_ID41_RP4	108	103	98	105	115	66	47	83	70	3	84	79	92	88	98	68	73	102	81	74	101	124	122	95	107	99	95	97	89	92	113	125	141	102	85	603	108	164	105	112	35	94	98	103	360	15	174	145	69	136	91	101	94	68	105	82	121	90	69	81	4	103	69	4	87	71	92	96	110	45	88	106	131	93	98	101	87	12	80	103	150	61	59	67	90	234	210	149	198	100	80	79	81	60	28	48	34	82	46	53	52	115	104	63	97	81	88	80	108		106	76	96	110	90	121	131	107	119	98	119	180	126	192	150	123	0	120	87	106	95	93	126	555	1265	1397	121	1310	116	919	141	499	698	106	1017	329	808
M1RP_ID42_MLN3	104	98	93	101	111	56	39	75	61	8	78	68	87	79	90	59	63	98	76	63	95	119	118	86	99	90	89	92	83	89	107	119	137	95	78	602	102	159	97	107	30	89	95	97	350	16	173	142	56	132	86	93	86	55	98	76	116	80	60	75	6	97	58	2	81	68	87	92	99	42	82	101	126	89	93	94	82	11	72	93	138	51	46	58	83	229	205	143	191	96	72	73	74	60	26	42	37	70	40	52	47	114	99	55	93	78	86	77	104	106		52	70	105	85	117	126	102	114	91	114	177	123	188	146	119	2	119	82	100	89	86	124	554	1267	1405	116	1319	108	918	136	498	696	101	1034	316	805
M1RP_ID42_RP1	72	67	63	67	75	39	22	47	38	2	50	46	55	53	61	40	38	66	47	41	67	93	86	66	75	67	62	63	56	59	78	91	108	67	52	546	78	129	74	80	23	61	64	67	321	14	154	109	40	101	57	67	63	38	82	48	81	58	35	46	6	72	38	0	55	46	60	63	82	23	52	70	97	61	63	68	53	7	46	85	125	32	31	35	58	199	177	115	164	67	45	45	48	38	20	26	19	47	29	35	33	80	70	36	62	46	52	48	72	76	52		51	76	55	86	92	73	83	63	84	139	87	154	113	86	1	82	52	65	60	60	89	497	1196	1300	86	1217	80	866	103	444	659	68	906	303	760
M1RP_ID42_RP8	95	89	84	92	100	52	34	66	55	2	70	61	77	71	84	53	59	89	67	59	87	111	106	80	91	85	81	84	74	80	98	111	128	87	71	581	96	150	89	97	31	81	84	89	345	14	169	133	55	122	76	86	80	53	96	68	105	74	54	67	6	90	54	1	74	62	80	83	98	38	74	91	117	81	83	88	73	8	64	93	133	48	45	51	76	219	197	135	184	87	65	67	66	53	26	40	32	64	40	49	46	104	91	51	82	68	75	68	93	96	70	51		96	75	107	116	93	104	84	104	166	112	179	135	110	1	109	73	90	80	77	112	535	1247	1365	107	1288	101	905	126	481	683	92	1003	318	793
M1RP_ID43_MLN1	107	101	96	104	115	63	40	78	70	2	81	76	90	85	96	67	70	101	79	70	98	124	121	95	107	97	93	96	88	92	111	122	140	100	83	603	111	162	105	112	36	93	97	101	355	15	176	145	66	135	90	100	92	65	105	80	115	90	65	78	6	103	64	2	87	72	92	95	108	42	86	103	129	92	96	100	86	7	75	99	141	57	53	64	89	232	209	147	196	100	78	77	76	61	30	46	38	73	45	56	50	115	101	60	95	80	87	79	107	110	105	76	96		70	74	129	106	117	96	117	178	126	191	149	122	1	121	85	103	92	91	126	555	1265	1397	119	1318	112	920	139	499	698	104	1032	325	812
M1RP_ID43_RP2	86	81	76	84	92	48	26	59	50	2	62	54	70	66	76	48	50	81	58	54	79	104	101	76	86	77	73	75	67	72	90	103	119	79	61	583	92	142	83	91	29	73	78	81	337	15	161	125	49	115	70	79	71	48	85	60	98	68	45	58	5	82	46	1	66	55	70	75	90	27	66	83	109	72	76	77	65	8	55	89	128	36	38	45	68	212	188	126	176	80	55	55	54	41	24	28	22	53	30	39	36	96	83	42	76	61	68	60	87	90	85	55	75	70		78	109	86	96	76	97	159	106	171	128	102	1	101	65	84	73	71	105	533	1251	1380	99	1295	94	900	119	477	678	84	1015	313	788
M1RP_ID43_RP8	117	112	107	117	125	69	43	84	76	2	92	82	101	97	107	72	78	113	89	77	106	132	131	101	115	104	100	104	99	103	120	134	150	108	92	618	117	174	112	120	38	103	109	113	365	15	180	157	71	147	100	108	101	66	109	90	129	100	73	88	6	111	69	2	96	82	100	105	112	47	96	114	141	104	107	108	96	9	82	99	141	59	55	68	96	244	220	155	208	109	86	87	83	64	32	50	42	80	46	58	54	128	114	62	107	93	100	92	118	121	117	86	107	74	78		141	117	128	106	129	192	138	202	161	134	1	133	97	115	105	100	137	568	1282	1411	128	1329	124	931	151	511	711	115	1051	329	825
M1RP_ID4_cfDNA_2017May12	128	122	117	126	141	78	54	96	87	1	100	95	111	104	115	75	91	123	99	85	119	140	142	105	124	108	115	115	109	113	131	144	161	119	101	627	125	183	119	131	47	114	119	122	380	16	195	166	78	156	111	117	111	69	120	99	140	104	81	100	8	122	78	0	106	82	113	115	125	54	106	125	150	112	116	122	107	12	93	108	157	75	67	77	107	253	230	166	216	117	97	97	96	83	38	65	53	87	60	69	62	138	124	71	117	102	110	99	127	131	126	92	116	129	109	141		93	111	90	94	201	148	213	170	143	0	143	106	124	114	104	149	579	1294	1434	141	1346	134	942	160	522	720	125	1080	334	837
M1RP_ID4_MLN2	104	99	94	101	109	62	39	78	68	0	78	75	88	83	93	63	70	99	76	65	96	119	118	87	103	90	92	94	86	90	109	121	137	96	80	601	105	158	100	109	36	90	95	99	358	15	175	142	65	132	88	97	91	57	105	76	114	87	62	77	4	101	62	0	84	68	90	92	108	43	83	100	126	90	93	99	83	9	73	99	141	58	52	59	86	229	207	144	194	97	74	74	76	63	29	48	40	70	45	55	51	111	99	60	93	77	82	76	105	107	102	73	93	106	86	117	93		85	71	84	174	124	189	147	118	0	118	83	101	91	84	124	550	1260	1377	117	1301	111	919	137	494	696	102	968	323	797
M1RP_ID4_MLN4	115	110	104	113	127	73	46	89	76	2	90	85	99	93	104	75	79	109	88	79	107	133	130	98	114	102	102	103	97	101	120	132	149	106	93	614	115	171	111	118	38	102	106	110	367	14	184	153	73	143	98	107	102	65	111	87	127	97	73	87	5	110	67	1	94	77	100	104	119	47	93	113	138	101	105	108	94	11	79	104	149	65	59	73	96	241	218	156	205	108	82	84	87	72	27	50	42	82	48	60	56	124	111	66	104	90	97	89	116	119	114	83	104	117	96	128	111	85		84	97	189	136	200	158	130	0	131	94	111	101	96	137	566	1277	1408	128	1323	122	929	148	509	708	113	1019	328	814
M1RP_ID4_RP2	95	89	84	93	103	55	35	67	56	1	68	65	78	74	82	54	59	90	67	60	87	113	109	79	95	84	80	84	76	80	98	111	128	86	72	594	99	150	90	99	33	80	85	89	343	15	170	133	55	123	78	88	80	51	94	67	107	77	54	67	4	91	53	0	74	59	80	83	101	38	73	91	116	80	83	88	74	9	66	96	138	50	47	54	77	220	197	134	183	86	64	66	66	55	28	41	34	64	41	50	45	102	90	52	82	68	76	66	94	98	91	63	84	96	76	106	90	71	84		81	167	114	180	137	109	1	110	73	92	81	79	116	546	1258	1384	108	1303	102	906	127	488	683	92	985	316	779
M1RP_ID4_RP9	116	110	105	113	125	75	51	89	80	0	90	86	99	94	105	74	80	110	87	80	107	132	130	100	115	103	103	105	97	101	120	132	149	108	92	615	118	171	111	119	46	102	107	110	371	19	185	154	75	144	99	108	103	69	115	88	128	98	74	87	7	114	70	0	95	77	101	103	121	54	95	112	138	102	105	110	95	11	85	109	154	71	64	74	96	241	218	155	205	107	87	85	87	76	36	61	51	81	57	67	61	126	112	70	105	90	97	89	116	119	114	84	104	117	97	129	94	84	97	81		188	136	201	158	131	2	131	94	113	102	98	135	567	1278	1412	129	1327	122	930	148	509	708	113	1025	333	823
M1RP_ID5_cfDNA_2018Mar30	179	173	166	177	192	117	87	140	121	1	151	139	161	156	165	112	136	174	149	130	168	192	193	151	168	155	164	165	158	162	181	194	211	167	148	678	172	233	164	178	55	159	170	173	428	20	224	217	123	206	156	165	150	105	160	150	191	152	122	149	8	164	108	0	154	120	162	166	166	92	157	176	201	156	168	162	156	21	136	127	181	111	96	118	148	304	279	214	266	166	142	143	144	123	46	89	84	129	76	101	97	189	174	104	167	153	161	149	178	180	177	139	166	178	159	192	201	174	189	167	188		165	199	167	194	1	194	157	176	163	154	200	630	1344	1484	189	1395	180	993	210	573	768	174	1130	365	886
M1RP_ID5_MLN5	126	120	112	123	136	72	50	92	75	1	99	91	108	103	114	75	87	121	97	81	115	138	140	110	123	109	108	112	102	110	128	142	157	116	97	625	125	180	117	127	36	107	117	120	376	20	188	164	80	154	103	114	105	65	116	96	138	97	74	93	8	113	71	2	101	78	107	114	121	54	103	123	148	105	115	113	105	16	88	103	149	69	59	75	103	251	227	162	215	114	94	92	92	76	27	54	45	85	44	62	59	136	121	69	112	100	108	96	124	126	123	87	112	126	106	138	148	124	136	114	136	165		180	136	141	1	141	103	122	111	105	147	576	1289	1428	135	1340	127	938	158	520	715	123	1062	329	831
M1RP_ID5_PB2	191	185	179	185	195	133	98	156	140	0	164	153	173	168	178	136	152	186	163	146	181	203	204	169	188	172	176	177	171	175	195	206	224	183	165	690	190	246	180	195	66	175	179	185	437	20	246	228	137	218	171	180	166	127	174	163	203	168	142	163	8	181	129	0	169	143	175	179	185	114	170	187	213	171	180	181	168	25	152	138	196	135	119	141	167	316	291	228	280	179	157	155	157	139	47	107	109	148	98	119	113	198	186	129	179	165	172	164	190	192	188	154	179	191	171	202	213	189	200	180	201	199	180		175	206	1	205	168	188	177	168	211	635	1347	1467	201	1390	197	1001	222	585	781	187	1060	390	876
M1RP_ID5_RP1	148	142	137	146	157	96	69	113	100	0	122	112	131	126	137	101	108	143	119	107	140	165	162	130	145	135	135	136	128	133	151	164	181	139	123	647	148	203	144	153	54	131	139	142	398	20	205	186	105	176	130	138	130	92	136	120	160	125	100	119	10	142	96	0	126	105	131	136	143	74	126	145	170	131	137	138	126	19	113	124	169	97	85	100	127	273	250	187	237	138	118	116	116	103	45	78	69	114	70	82	82	158	142	98	137	122	130	120	148	150	146	113	135	149	128	161	170	147	158	137	158	167	136	175		163	1	163	126	145	132	129	169	599	1310	1449	158	1362	152	962	180	542	739	145	1088	355	857
M1RP_ID6_MLN1	121	115	110	118	127	76	55	94	77	1	95	88	104	97	107	71	83	116	93	80	112	137	135	109	120	110	108	110	102	106	125	137	154	114	95	620	120	176	116	122	43	107	111	115	370	16	189	159	80	149	104	112	105	76	112	93	133	100	76	92	6	117	74	0	99	83	106	107	115	48	99	118	143	105	110	114	98	14	86	108	154	69	63	77	102	246	223	161	210	114	87	89	91	74	36	57	51	86	49	66	62	130	116	75	109	95	103	93	121	123	119	86	110	122	102	134	143	118	130	109	131	194	141	206	163		0	97	77	118	107	103	142	571	1285	1425	134	1338	127	935	153	514	713	118	1057	340	831
M1RP_ID6_RP1	0	2	0	0	0	0	1	0	0	1	0	0	1	0	1	0	0	1	0	1	0	2	0	2	0	0	0	0	0	0	0	1	0	1	0	3	1	1	2	1	0	1	1	3	3	1	1	0	0	0	0	0	0	0	3	0	0	1	0	0	0	0	0	0	0	0	0	1	0	0	0	0	0	1	1	0	0	0	1	1	1	1	0	0	1	1	2	1	1	1	0	0	0	0	1	0	0	0	0	0	0	0	0	1	1	0	0	0	1	0	2	1	1	1	1	1	0	0	0	1	2	1	1	1	1	0		0	0	0	0	0	0	4	6	7	1	6	0	2	0	5	4	0	10	6	7
M1RP_ID6_RP2	121	115	109	119	131	73	57	92	72	0	96	86	103	98	105	70	81	116	92	75	110	135	134	106	119	108	107	109	101	104	125	136	154	114	93	620	117	175	116	121	37	106	112	115	370	16	183	159	78	149	103	111	103	74	109	93	133	100	73	93	3	117	71	0	98	76	105	108	114	49	100	118	143	104	109	113	98	14	84	101	149	67	63	74	99	246	223	161	210	113	86	88	91	72	30	53	47	83	42	60	55	130	117	71	108	95	103	92	121	120	119	82	109	121	101	133	143	118	131	110	131	194	141	205	163	97	0		74	118	107	100	142	572	1287	1426	134	1338	126	935	153	515	713	118	1065	336	828
M1RP_ID6_RP5	84	78	73	81	88	49	32	60	46	0	59	55	66	63	73	48	48	79	56	50	76	102	98	75	84	76	71	73	65	69	88	100	117	78	61	583	89	139	83	89	28	70	75	78	337	13	162	122	49	112	67	76	73	48	88	57	96	67	43	56	2	83	45	1	64	55	69	72	89	27	63	80	106	70	73	78	63	7	56	91	132	41	41	46	67	209	186	124	173	77	54	54	57	46	23	33	24	56	32	43	40	93	80	46	73	58	66	57	84	87	82	52	73	85	65	97	106	83	94	73	94	157	103	168	126	77	0	74		81	70	67	104	534	1248	1379	97	1297	91	898	116	477	676	81	992	314	784
M1RP_ID7_MLN3	103	97	92	100	111	63	41	76	63	2	77	71	85	79	92	61	67	97	74	67	94	120	117	86	100	92	89	92	84	87	105	118	135	96	78	600	108	158	99	107	28	88	93	96	349	13	179	141	61	131	86	93	86	57	103	76	115	82	57	73	2	96	60	0	78	59	86	90	102	38	82	100	125	87	92	95	82	6	71	92	135	55	49	58	82	227	204	141	190	93	70	74	71	59	19	47	40	70	38	50	50	112	96	52	91	77	84	74	103	106	100	65	90	103	84	115	124	101	111	92	113	176	122	188	145	118	0	118	81		61	62	124	553	1265	1395	116	1314	110	916	135	497	695	100	1006	317	790
M1RP_ID7_RP1	92	86	81	88	96	55	34	67	55	2	67	62	75	71	80	55	56	86	63	59	84	109	106	81	91	84	78	81	73	77	96	108	125	85	69	587	96	147	90	97	26	78	83	86	339	15	169	130	55	120	75	83	77	51	96	65	103	74	51	62	4	89	52	0	71	56	77	80	95	33	70	88	114	77	81	84	70	7	64	90	129	47	41	51	73	217	193	131	179	84	60	63	63	50	20	38	32	61	33	44	42	100	88	49	79	65	72	65	92	95	89	60	80	92	73	105	114	91	101	81	102	163	111	177	132	107	0	107	70	61		51	110	541	1249	1374	104	1294	98	905	124	482	682	88	974	308	775
M1RP_ID7_RP3	89	84	78	87	92	49	30	62	50	1	63	60	72	68	78	54	53	83	60	55	81	105	103	78	88	80	75	78	70	75	93	104	123	79	66	563	92	145	88	94	28	74	79	82	325	14	166	121	52	115	70	81	75	51	92	63	96	73	51	61	4	85	49	0	70	59	75	79	95	33	69	85	110	76	77	82	68	6	60	92	133	46	45	50	71	213	191	130	176	84	61	61	63	47	23	34	28	56	35	44	40	96	85	48	77	62	68	62	88	93	86	60	77	91	71	100	104	84	96	79	98	154	105	168	129	103	0	100	67	62	51		102	506	1190	1298	100	1211	95	879	120	455	665	84	878	317	744
M1RP_ID8_MLN1	127	120	114	125	132	72	50	91	78	0	98	93	109	102	115	77	83	121	98	83	115	139	140	107	120	113	110	113	106	110	128	140	158	117	99	626	124	182	116	126	42	110	117	121	377	15	181	165	75	154	106	118	108	77	111	99	139	102	79	94	3	118	73	1	104	85	109	114	118	50	101	123	149	108	116	112	103	10	85	112	156	72	66	79	104	252	226	163	214	115	95	92	92	73	39	52	47	85	54	63	57	135	121	69	113	101	108	97	125	126	124	89	112	126	105	137	149	124	137	116	135	200	147	211	169	142	0	142	104	124	110	102		552	1270	1403	100	1320	111	922	129	497	669	105	1034	334	824
M1RP_ID8_MLN2	556	549	543	554	562	448	359	483	466	9	526	497	539	526	532	441	496	550	526	473	539	551	570	497	539	527	532	535	533	538	557	570	589	540	518	1055	510	611	529	544	284	538	542	550	782	34	497	595	446	584	532	533	504	427	468	521	568	514	476	517	38	522	457	9	513	439	533	543	495	373	529	552	579	528	546	530	525	81	473	376	486	449	403	469	508	682	651	580	638	534	504	509	503	445	251	390	361	474	339	364	364	566	550	421	539	531	538	525	553	555	554	497	535	555	533	568	579	550	566	546	567	630	576	635	599	571	4	572	534	553	541	506	552		1699	1839	547	1750	536	1352	565	659	1125	535	1491	664	1255
M1RP_ID8_MLN3	1269	1263	1251	1269	1278	1051	886	1156	1118	12	1233	1169	1251	1229	1239	1043	1182	1262	1229	1133	1245	1242	1279	1156	1230	1189	1248	1243	1246	1249	1263	1280	1301	1237	1218	1771	1166	1325	1199	1239	653	1254	1258	1264	1446	68	1031	1309	1062	1297	1240	1225	1189	986	1078	1230	1279	1204	1136	1220	103	1191	1057	11	1216	1037	1237	1253	1089	911	1244	1266	1293	1230	1258	1217	1238	187	1120	785	965	1074	951	1113	1185	1397	1364	1288	1350	1229	1192	1206	1189	1038	592	915	879	1108	784	845	852	1280	1262	993	1252	1246	1253	1236	1269	1265	1267	1196	1247	1265	1251	1282	1294	1260	1277	1258	1278	1344	1289	1347	1310	1285	6	1287	1248	1265	1249	1190	1270	1699		1739	1258	1545	1243	1672	1280	1639	1511	1243	2190	1216	1956
M1RP_ID8_MLN4	1400	1398	1382	1408	1418	1092	930	1238	1186	13	1346	1255	1381	1335	1371	1092	1276	1402	1355	1209	1343	1331	1415	1216	1329	1265	1358	1353	1358	1375	1393	1400	1428	1348	1321	1911	1250	1451	1284	1339	662	1373	1379	1404	1526	75	1085	1449	1122	1436	1361	1333	1254	1042	1132	1350	1420	1313	1210	1334	103	1271	1113	13	1318	1105	1352	1383	1168	957	1364	1406	1432	1341	1396	1322	1360	191	1198	824	1009	1139	1002	1198	1278	1537	1494	1403	1483	1338	1296	1303	1290	1100	610	979	940	1174	818	904	909	1420	1387	1043	1380	1384	1394	1362	1398	1397	1405	1300	1365	1397	1380	1411	1434	1377	1408	1384	1412	1484	1428	1467	1449	1425	7	1426	1379	1395	1374	1298	1403	1839	1739		1383	1764	1360	1790	1414	1779	1640	1375	2341	1267	2071
M1RP_ID8_MLN8	119	113	107	115	123	74	52	88	78	0	93	87	102	96	106	77	81	113	90	81	109	135	132	104	116	110	104	106	98	104	123	135	151	112	94	617	117	174	116	121	47	104	110	113	365	14	177	156	80	146	100	110	104	76	112	91	130	100	77	90	5	114	75	1	97	88	104	107	121	51	98	115	141	104	107	110	96	15	86	116	161	71	71	77	98	244	221	158	207	111	90	90	87	74	44	56	49	86	59	62	59	126	115	72	106	92	99	91	119	121	116	86	107	119	99	128	141	117	128	108	129	189	135	201	158	134	1	134	97	116	104	100	100	547	1258	1383		1307	107	913	124	492	675	97	991	336	798
M1RP_ID8_MLN9	1317	1311	1300	1322	1329	1075	918	1187	1149	11	1271	1198	1302	1263	1278	1054	1225	1314	1279	1165	1285	1273	1332	1182	1258	1206	1286	1284	1284	1296	1311	1329	1349	1276	1256	1823	1206	1375	1222	1279	657	1298	1303	1317	1472	76	1065	1361	1076	1349	1287	1259	1207	992	1095	1277	1329	1233	1144	1261	103	1208	1055	13	1245	1051	1280	1302	1099	930	1281	1318	1345	1271	1311	1250	1286	197	1139	771	967	1083	951	1128	1211	1449	1410	1322	1399	1261	1213	1236	1220	1070	575	940	902	1110	779	872	881	1333	1304	996	1302	1298	1305	1280	1319	1310	1319	1217	1288	1318	1295	1329	1346	1301	1323	1303	1327	1395	1340	1390	1362	1338	6	1338	1297	1314	1294	1211	1320	1750	1545	1764	1307		1286	1721	1329	1693	1567	1295	2258	1209	1998
M1RP_ID8_RP1	112	107	102	108	115	75	55	88	78	1	88	85	95	91	102	75	78	106	85	81	105	131	127	103	113	105	100	101	93	97	117	129	146	107	90	607	118	168	111	118	51	99	104	107	351	14	184	151	77	141	95	106	100	73	119	86	123	95	70	85	5	107	70	1	90	80	98	101	118	54	92	109	134	97	101	107	92	18	83	115	157	71	65	73	94	236	213	151	200	105	84	84	84	75	40	53	49	81	59	65	58	119	108	71	99	86	94	83	113	116	108	80	101	112	94	124	134	111	122	102	122	180	127	197	152	127	0	126	91	110	98	95	111	536	1243	1360	107	1286		909	102	488	674	98	933	335	755
M1RP_ID8_RP2	920	914	909	917	925	799	667	851	842	22	892	875	903	895	901	811	867	915	888	843	907	923	932	870	909	885	902	905	899	904	920	934	953	909	888	1419	881	974	897	918	531	905	911	914	1143	68	804	958	820	948	902	895	886	777	829	890	932	888	850	888	76	890	799	14	887	792	901	907	845	697	897	915	942	899	909	903	895	147	843	649	778	806	746	844	879	1044	1019	953	1005	904	871	881	875	784	484	706	693	831	635	667	671	926	914	773	906	892	899	888	918	919	918	866	905	920	900	931	942	919	929	906	930	993	938	1001	962	935	2	935	898	916	905	879	922	1352	1672	1790	913	1721	909		932	1293	1072	897	1797	1008	1598
M1RP_ID8_RP4	138	132	127	135	145	89	61	107	94	2	113	108	121	117	127	94	100	132	110	94	130	156	152	124	136	125	125	126	119	123	142	154	171	132	115	637	139	193	134	143	60	124	129	132	390	13	191	176	95	166	120	131	125	89	133	111	150	117	94	110	4	129	93	4	116	99	122	126	136	63	117	135	160	121	127	127	116	13	107	127	171	88	85	93	119	263	240	178	227	130	108	110	107	89	48	69	60	100	67	76	70	148	133	86	125	112	120	111	138	141	136	103	126	139	119	151	160	137	148	127	148	210	158	222	180	153	0	153	116	135	124	120	129	565	1280	1414	124	1329	102	932		508	700	115	1059	354	842
M1RP_ID8_RP5	500	494	486	498	508	399	310	435	418	10	469	445	482	470	476	398	447	494	472	421	485	504	512	445	481	466	480	481	478	481	500	515	533	486	463	999	463	554	479	490	242	482	488	493	725	31	460	537	394	528	478	478	454	375	418	472	512	460	428	467	28	464	397	6	467	392	476	487	448	336	475	496	522	476	489	477	472	71	424	329	432	396	359	415	455	625	596	529	584	480	453	458	457	394	211	341	337	414	285	320	320	510	492	382	486	474	482	469	493	499	498	444	481	499	477	511	522	494	509	488	509	573	520	585	542	514	5	515	477	497	482	455	497	659	1639	1779	492	1693	488	1293	508		1065	474	1430	608	1200
M1RP_ID8_RP7	698	691	687	695	703	583	464	622	614	16	667	658	681	673	686	613	636	693	665	611	685	699	710	657	688	678	678	681	678	683	701	713	730	687	669	1197	650	751	677	693	435	682	688	692	936	58	611	736	607	726	678	678	668	591	616	668	710	674	644	664	69	673	621	9	673	628	676	685	644	502	674	695	719	682	687	683	671	120	641	540	641	604	581	635	665	823	799	734	786	685	659	657	653	593	407	509	505	636	504	492	495	707	693	600	686	671	678	668	697	698	696	659	683	698	678	711	720	696	708	683	708	768	715	781	739	713	4	713	676	695	682	665	669	1125	1511	1640	675	1567	674	1072	700	1065		672	1624	831	1404
M1RP_ID8_RP8	103	97	92	100	109	58	34	71	60	1	77	73	86	81	90	58	64	98	75	61	95	118	117	88	99	93	87	89	82	87	106	119	136	95	77	601	103	158	100	103	31	89	94	97	354	15	166	141	62	131	85	93	90	61	98	76	115	82	61	73	2	94	55	0	82	66	87	91	105	35	81	99	125	87	92	92	81	12	69	100	144	50	53	60	83	228	205	142	192	96	74	72	72	55	25	40	35	67	43	45	44	112	99	56	91	77	85	76	103	106	101	68	92	104	84	115	125	102	113	92	113	174	123	187	145	118	0	118	81	100	88	84	105	535	1243	1375	97	1295	98	897	115	474	672		1020	315	810
M1RP_ID9_MLN2	991	1013	976	1046	1050	665	509	765	733	15	884	780	993	947	968	675	831	1030	965	756	903	890	1019	760	879	838	920	933	955	986	985	996	1028	903	922	1555	781	1056	807	883	400	973	970	1020	1090	36	664	1089	673	1069	929	889	786	635	687	932	1045	886	816	908	57	842	699	10	935	758	908	982	730	557	948	1022	1073	925	1026	912	955	94	765	512	646	682	607	737	826	1181	1111	1011	1108	935	887	873	841	644	354	532	507	723	478	501	504	1052	991	632	999	1023	1038	986	1039	1017	1034	906	1003	1032	1015	1051	1080	968	1019	985	1025	1130	1062	1060	1088	1057	10	1065	992	1006	974	878	1034	1491	2190	2341	991	2258	933	1797	1059	1430	1624	1020		753	1107
M1RP_ID9_RP6	322	323	320	323	327	280	221	289	288	10	305	302	308	311	317	289	289	318	302	281	324	341	328	305	318	321	311	315	311	314	328	341	351	319	308	679	322	378	327	334	252	316	317	320	535	30	339	341	288	342	312	318	316	289	320	305	319	318	296	300	49	324	294	8	310	305	319	317	335	252	312	319	343	314	312	325	306	56	301	320	368	282	283	294	316	436	422	365	402	321	307	306	305	268	234	242	238	298	260	252	246	325	314	292	313	300	305	304	324	329	316	303	318	325	313	329	334	323	328	316	333	365	329	390	355	340	6	336	314	317	308	317	334	664	1216	1267	336	1209	335	1008	354	608	831	315	753		639
M1RP_ID9_RP9	795	796	779	813	808	578	439	642	631	17	739	678	787	776	786	604	672	804	754	633	754	754	796	671	745	744	738	759	779	792	789	814	825	756	767	1308	668	844	706	753	394	778	791	804	979	36	595	845	606	839	770	736	682	574	610	747	810	750	703	760	56	726	633	10	774	676	751	782	654	495	752	797	833	776	807	757	755	91	671	497	607	605	565	653	721	940	908	836	896	786	739	732	726	569	350	477	455	641	453	463	465	809	789	589	789	788	800	775	807	808	805	760	793	812	788	825	837	797	814	779	823	886	831	876	857	831	7	828	784	790	775	744	824	1255	1956	2071	798	1998	755	1598	842	1200	1404	810	1107	639	
